partId,partType,manufacturerId,rulesId,seriesId,power,reliability,safety,year,cost
1,e,0,0,1,82,1,1,1894,250000.0
2,e,1,0,1,87,3,1,1894,250000.0
3,c,0,1,1,72,3,2,1894,250000.0
4,c,1,1,1,75,1,1,1894,250000.0
5,p,4,2,1,61,1,1,1894,250000.0
6,e,0,3,5,55,5,1,1894,250000.0
7,e,1,3,5,58,6,1,1894,250000.0
8,c,0,4,5,41,1,2,1894,250000.0
9,c,2,4,5,40,1,1,1894,250000.0
10,p,5,5,5,35,2,6,1894,250000.0
11,e,1,6,6,25,2,1,1894,250000.0
12,c,0,7,6,17,6,8,1894,250000.0
13,c,2,7,6,10,1,1,1894,250000.0
14,c,3,7,6,12,1,3,1894,250000.0
15,p,5,8,6,8,7,1,1894,250000.0
16,p,4,8,6,4,2,1,1894,250000.0
17,e,0,0,1,85,1,1,1895,250000.0
18,e,1,0,1,91,5,3,1895,250000.0
19,c,0,1,1,75,5,1,1895,250000.0
20,c,1,1,1,79,1,4,1895,250000.0
21,p,4,2,1,68,3,8,1895,250000.0
22,e,0,3,5,63,9,8,1895,250000.0
23,e,1,3,5,59,6,1,1895,250000.0
24,c,0,4,5,45,1,4,1895,250000.0
25,c,2,4,5,47,5,1,1895,250000.0
26,p,5,5,5,42,9,13,1895,250000.0
27,e,1,6,6,30,6,1,1895,250000.0
28,c,0,7,6,18,1,1,1895,250000.0
29,c,2,7,6,18,1,8,1895,250000.0
30,c,3,7,6,14,1,1,1895,250000.0
31,p,5,8,6,16,14,3,1895,250000.0
32,p,4,8,6,6,1,2,1895,250000.0
33,e,0,0,1,92,5,8,1896,250000.0
34,e,1,0,1,95,1,3,1896,250000.0
35,c,0,1,1,82,7,4,1896,250000.0
36,c,1,1,1,81,1,2,1896,250000.0
37,p,4,2,1,74,8,10,1896,250000.0
38,e,0,3,5,69,6,6,1896,250000.0
39,e,1,3,5,67,13,1,1896,250000.0
40,c,0,4,5,47,1,4,1896,250000.0
41,c,2,4,5,55,8,1,1896,250000.0
42,p,5,5,5,43,1,14,1896,250000.0
43,e,1,6,6,34,6,1,1896,250000.0
44,c,0,7,6,22,4,1,1896,250000.0
45,c,2,7,6,22,1,12,1896,250000.0
46,c,3,7,6,15,1,1,1896,250000.0
47,p,5,8,6,22,18,1,1896,250000.0
48,p,4,8,6,13,6,5,1896,250000.0
49,e,0,0,1,98,6,9,1897,250000.0
50,e,1,0,1,99,3,5,1897,250000.0
51,c,0,1,1,82,1,1,1897,250000.0
52,c,1,1,1,81,1,1,1897,250000.0
53,p,4,2,1,74,1,10,1897,250000.0
54,e,0,3,5,77,11,8,1897,250000.0
55,e,1,3,5,75,19,5,1897,250000.0
56,c,0,4,5,55,4,7,1897,250000.0
57,c,2,4,5,60,12,2,1897,250000.0
58,p,5,5,5,49,1,19,1897,250000.0
59,e,1,6,6,40,5,2,1897,250000.0
60,c,0,7,6,29,4,6,1897,250000.0
61,c,2,7,6,26,5,10,1897,250000.0
62,c,3,7,6,21,2,6,1897,250000.0
63,p,5,8,6,27,17,1,1897,250000.0
64,p,4,8,6,16,5,6,1897,250000.0
65,e,0,0,1,104,7,8,1898,250000.0
66,e,1,0,1,107,11,6,1898,250000.0
67,c,0,1,1,83,1,2,1898,250000.0
68,c,1,1,1,88,5,1,1898,250000.0
69,p,4,2,1,76,1,3,1898,250000.0
70,e,0,3,5,84,16,12,1898,250000.0
71,e,1,3,5,77,14,3,1898,250000.0
72,c,0,4,5,61,5,5,1898,250000.0
73,c,2,4,5,66,13,8,1898,250000.0
74,p,5,5,5,51,1,20,1898,250000.0
75,e,1,6,6,46,11,8,1898,250000.0
76,c,0,7,6,35,9,4,1898,250000.0
77,c,2,7,6,29,4,4,1898,250000.0
78,c,3,7,6,25,4,2,1898,250000.0
79,p,5,8,6,35,24,7,1898,250000.0
80,p,4,8,6,20,8,7,1898,250000.0
81,e,0,0,1,104,4,1,1899,250000.0
82,e,1,0,1,111,9,3,1899,250000.0
83,c,0,1,1,86,1,2,1899,250000.0
84,c,1,1,1,96,13,5,1899,250000.0
85,p,4,2,1,82,1,4,1899,250000.0
86,e,0,3,5,92,18,18,1899,250000.0
87,e,1,3,5,81,9,7,1899,250000.0
88,c,0,4,5,64,1,1,1899,250000.0
89,c,2,4,5,73,20,12,1899,250000.0
90,p,5,5,5,51,1,20,1899,250000.0
91,e,1,6,6,54,12,12,1899,250000.0
92,c,0,7,6,35,1,1,1899,250000.0
93,c,2,7,6,33,3,2,1899,250000.0
94,c,3,7,6,25,1,1,1899,250000.0
95,p,5,8,6,36,18,8,1899,250000.0
96,p,4,8,6,20,1,1,1899,250000.0
97,e,0,0,1,111,9,8,1900,250000.0
98,e,1,0,1,111,1,1,1900,250000.0
99,c,0,1,1,88,1,1,1900,250000.0
100,c,1,1,1,104,15,13,1900,250000.0
101,p,4,2,1,84,1,6,1900,250000.0
102,e,0,3,5,99,17,18,1900,250000.0
103,e,1,3,5,81,3,1,1900,250000.0
104,c,0,4,5,64,1,1,1900,250000.0
105,c,2,4,5,81,20,17,1900,250000.0
106,p,5,5,5,55,1,20,1900,250000.0
107,e,1,6,6,61,11,18,1900,250000.0
108,c,0,7,6,35,1,1,1900,250000.0
109,c,2,7,6,38,5,2,1900,250000.0
110,c,3,7,6,25,1,1,1900,250000.0
111,p,5,8,6,40,21,12,1900,250000.0
112,p,4,8,6,26,5,7,1900,250000.0
113,e,0,0,1,117,6,7,1901,250000.0
114,e,1,0,1,116,2,5,1901,250000.0
115,c,0,1,1,92,5,5,1901,250000.0
116,c,1,1,1,104,12,12,1901,250000.0
117,p,4,2,1,90,4,4,1901,250000.0
118,e,0,3,5,99,16,18,1901,250000.0
119,e,1,3,5,81,1,1,1901,250000.0
120,c,0,4,5,72,1,4,1901,250000.0
121,c,2,4,5,83,19,12,1901,250000.0
122,p,5,5,5,56,1,12,1901,250000.0
123,e,1,6,6,68,17,18,1901,250000.0
124,c,0,7,6,43,2,4,1901,250000.0
125,c,2,7,6,41,6,1,1901,250000.0
126,c,3,7,6,31,4,3,1901,250000.0
127,p,5,8,6,44,24,11,1901,250000.0
128,p,4,8,6,29,6,8,1901,250000.0
129,e,0,0,1,121,5,9,1902,250000.0
130,e,1,0,1,122,1,10,1902,250000.0
131,c,0,1,1,93,2,1,1902,250000.0
132,c,1,1,1,104,7,11,1902,250000.0
133,p,4,2,1,93,1,1,1902,250000.0
134,e,0,3,5,101,14,18,1902,250000.0
135,e,1,3,5,82,1,1,1902,250000.0
136,c,0,4,5,80,3,5,1902,250000.0
137,c,2,4,5,89,22,10,1902,250000.0
138,p,5,5,5,56,1,7,1902,250000.0
139,e,1,6,6,68,14,16,1902,250000.0
140,c,0,7,6,50,3,4,1902,250000.0
141,c,2,7,6,46,4,1,1902,250000.0
142,c,3,7,6,32,1,1,1902,250000.0
143,p,5,8,6,50,25,14,1902,250000.0
144,p,4,8,6,29,6,4,1902,250000.0
145,e,0,0,1,127,9,14,1903,250000.0
146,e,1,0,1,127,2,13,1903,250000.0
147,c,0,1,1,96,1,1,1903,250000.0
148,c,1,1,1,105,4,9,1903,250000.0
149,p,4,2,1,101,3,1,1903,250000.0
150,e,0,3,5,105,14,19,1903,250000.0
151,e,1,3,5,86,1,1,1903,250000.0
152,c,0,4,5,83,6,5,1903,250000.0
153,c,2,4,5,93,17,6,1903,250000.0
154,p,5,5,5,56,1,6,1903,250000.0
155,e,1,6,6,70,15,18,1903,250000.0
156,c,0,7,6,54,1,4,1903,250000.0
157,c,2,7,6,46,1,1,1903,250000.0
158,c,3,7,6,33,1,1,1903,250000.0
159,p,5,8,6,57,27,19,1903,250000.0
160,p,4,8,6,34,11,6,1903,250000.0
161,e,0,0,1,130,10,12,1904,250000.0
162,e,1,0,1,134,2,15,1904,250000.0
163,c,0,1,1,98,3,1,1904,250000.0
164,c,1,1,1,107,5,6,1904,250000.0
165,p,4,2,1,101,2,1,1904,250000.0
166,e,0,3,5,109,10,23,1904,250000.0
167,e,1,3,5,92,2,5,1904,250000.0
168,c,0,4,5,90,7,8,1904,250000.0
169,c,2,4,5,101,18,7,1904,250000.0
170,p,5,5,5,57,1,1,1904,250000.0
171,e,1,6,6,74,18,19,1904,250000.0
172,c,0,7,6,57,1,5,1904,250000.0
173,c,2,7,6,46,1,1,1904,250000.0
174,c,3,7,6,37,1,3,1904,250000.0
175,p,5,8,6,64,28,24,1904,250000.0
176,p,4,8,6,36,10,8,1904,250000.0
177,e,0,0,1,130,9,6,1905,250000.0
178,e,1,0,1,142,3,19,1905,250000.0
179,c,0,1,1,98,1,1,1905,250000.0
180,c,1,1,1,111,5,9,1905,250000.0
181,p,4,2,1,103,1,1,1905,250000.0
182,e,0,3,5,114,10,20,1905,250000.0
183,e,1,3,5,99,8,8,1905,250000.0
184,c,0,4,5,91,8,4,1905,250000.0
185,c,2,4,5,108,19,11,1905,250000.0
186,p,5,5,5,57,1,1,1905,250000.0
187,e,1,6,6,78,21,22,1905,250000.0
188,c,0,7,6,61,1,6,1905,250000.0
189,c,2,7,6,49,1,1,1905,250000.0
190,c,3,7,6,42,1,4,1905,250000.0
191,p,5,8,6,69,31,25,1905,250000.0
192,p,4,8,6,37,4,4,1905,250000.0
193,e,0,0,1,138,11,8,1906,250000.0
194,e,1,0,1,149,1,24,1906,250000.0
195,c,0,1,1,100,2,1,1906,250000.0
196,c,1,1,1,119,12,15,1906,250000.0
197,p,4,2,1,103,1,1,1906,250000.0
198,e,0,3,5,122,17,19,1906,250000.0
199,e,1,3,5,101,9,3,1906,250000.0
200,c,0,4,5,96,6,3,1906,250000.0
201,c,2,4,5,110,21,12,1906,250000.0
202,p,5,5,5,60,1,1,1906,250000.0
203,e,1,6,6,86,20,22,1906,250000.0
204,c,0,7,6,64,1,8,1906,250000.0
205,c,2,7,6,52,1,1,1906,250000.0
206,c,3,7,6,50,3,10,1906,250000.0
207,p,5,8,6,77,38,27,1906,250000.0
208,p,4,8,6,44,7,4,1906,250000.0
209,e,0,0,1,142,12,4,1907,250000.0
210,e,1,0,1,154,3,22,1907,250000.0
211,c,0,1,1,105,5,1,1907,250000.0
212,c,1,1,1,126,19,17,1907,250000.0
213,p,4,2,1,103,1,1,1907,250000.0
214,e,0,3,5,123,10,19,1907,250000.0
215,e,1,3,5,102,8,1,1907,250000.0
216,c,0,4,5,103,5,3,1907,250000.0
217,c,2,4,5,118,22,17,1907,250000.0
218,p,5,5,5,65,1,3,1907,250000.0
219,e,1,6,6,94,24,23,1907,250000.0
220,c,0,7,6,66,1,3,1907,250000.0
221,c,2,7,6,57,4,4,1907,250000.0
222,c,3,7,6,50,2,2,1907,250000.0
223,p,5,8,6,77,32,21,1907,250000.0
224,p,4,8,6,48,3,1,1907,250000.0
225,e,0,0,1,144,6,1,1908,250000.0
226,e,1,0,1,159,7,21,1908,250000.0
227,c,0,1,1,106,1,1,1908,250000.0
228,c,1,1,1,126,17,11,1908,250000.0
229,p,4,2,1,105,1,1,1908,250000.0
230,e,0,3,5,129,12,18,1908,250000.0
231,e,1,3,5,109,14,7,1908,250000.0
232,c,0,4,5,111,13,4,1908,250000.0
233,c,2,4,5,123,20,18,1908,250000.0
234,p,5,5,5,70,1,2,1908,250000.0
235,e,1,6,6,99,26,19,1908,250000.0
236,c,0,7,6,72,1,2,1908,250000.0
237,c,2,7,6,65,8,5,1908,250000.0
238,c,3,7,6,52,1,3,1908,250000.0
239,p,5,8,6,80,35,18,1908,250000.0
240,p,4,8,6,48,1,1,1908,250000.0
241,e,0,0,1,150,3,1,1909,250000.0
242,e,1,0,1,160,7,13,1909,250000.0
243,c,0,1,1,110,4,1,1909,250000.0
244,c,1,1,1,134,23,11,1909,250000.0
245,p,4,2,1,107,1,1,1909,250000.0
246,e,0,3,5,133,12,18,1909,250000.0
247,e,1,3,5,114,15,12,1909,250000.0
248,c,0,4,5,118,15,3,1909,250000.0
249,c,2,4,5,124,17,12,1909,250000.0
250,p,5,5,5,71,1,1,1909,250000.0
251,e,1,6,6,100,23,17,1909,250000.0
252,c,0,7,6,80,1,2,1909,250000.0
253,c,2,7,6,69,10,6,1909,250000.0
254,c,3,7,6,60,1,2,1909,250000.0
255,p,5,8,6,88,42,17,1909,250000.0
256,p,4,8,6,56,6,1,1909,250000.0
257,e,0,0,1,150,1,1,1910,250000.0
258,e,1,0,1,163,2,16,1910,250000.0
259,c,0,1,1,110,1,1,1910,250000.0
260,c,1,1,1,141,27,14,1910,250000.0
261,p,4,2,1,111,1,1,1910,250000.0
262,e,0,3,5,135,7,11,1910,250000.0
263,e,1,3,5,119,16,17,1910,250000.0
264,c,0,4,5,119,15,1,1910,250000.0
265,c,2,4,5,129,19,12,1910,250000.0
266,p,5,5,5,76,1,2,1910,250000.0
267,e,1,6,6,100,25,24,1910,250000.0
268,c,0,7,6,86,4,2,1910,250000.0
269,c,2,7,6,69,3,1,1910,250000.0
270,c,3,7,6,68,8,2,1910,250000.0
271,p,5,8,6,91,37,18,1910,250000.0
272,p,4,8,6,62,3,1,1910,250000.0
273,e,0,0,1,157,2,7,1911,250000.0
274,e,1,0,1,163,1,16,1911,250000.0
275,c,0,1,1,117,6,3,1911,250000.0
276,c,1,1,1,149,26,21,1911,250000.0
277,p,4,2,1,111,1,1,1911,250000.0
278,e,0,3,5,136,6,5,1911,250000.0
279,e,1,3,5,126,23,19,1911,250000.0
280,c,0,4,5,127,22,5,1911,250000.0
281,c,2,4,5,135,19,12,1911,250000.0
282,p,5,5,5,77,1,1,1911,250000.0
283,e,1,6,6,100,29,25,1911,250000.0
284,c,0,7,6,88,3,3,1911,250000.0
285,c,2,7,6,74,3,6,1911,250000.0
286,c,3,7,6,71,10,1,1911,250000.0
287,p,5,8,6,91,30,13,1911,250000.0
288,p,4,8,6,62,1,1,1911,250000.0
289,e,0,0,1,158,1,8,1912,250000.0
290,e,1,0,1,168,2,15,1912,250000.0
291,c,0,1,1,119,1,1,1912,250000.0
292,c,1,1,1,154,24,18,1912,250000.0
293,p,4,2,1,114,4,1,1912,250000.0
294,e,0,3,5,140,1,4,1912,250000.0
295,e,1,3,5,132,23,20,1912,250000.0
296,c,0,4,5,127,22,2,1912,250000.0
297,c,2,4,5,143,19,11,1912,250000.0
298,p,5,5,5,77,1,1,1912,250000.0
299,e,1,6,6,100,30,27,1912,250000.0
300,c,0,7,6,89,1,3,1912,250000.0
301,c,2,7,6,80,1,3,1912,250000.0
302,c,3,7,6,72,7,1,1912,250000.0
303,p,5,8,6,94,30,11,1912,250000.0
304,p,4,8,6,63,2,1,1912,250000.0
305,e,0,0,1,159,1,1,1913,250000.0
306,e,1,0,1,173,1,14,1913,250000.0
307,c,0,1,1,126,1,8,1913,250000.0
308,c,1,1,1,161,28,19,1913,250000.0
309,p,4,2,1,120,7,1,1913,250000.0
310,e,0,3,5,143,1,3,1913,250000.0
311,e,1,3,5,135,24,18,1913,250000.0
312,c,0,4,5,133,22,3,1913,250000.0
313,c,2,4,5,148,20,15,1913,250000.0
314,p,5,5,5,83,1,5,1913,250000.0
315,e,1,6,6,100,29,22,1913,250000.0
316,c,0,7,6,90,2,1,1913,250000.0
317,c,2,7,6,86,2,6,1913,250000.0
318,c,3,7,6,73,2,1,1913,250000.0
319,p,5,8,6,95,31,4,1913,250000.0
320,p,4,8,6,67,1,1,1913,250000.0
321,e,0,0,1,166,8,7,1914,250000.0
322,e,1,0,1,178,6,16,1914,250000.0
323,c,0,1,1,127,1,9,1914,250000.0
324,c,1,1,1,163,22,15,1914,250000.0
325,p,4,2,1,126,4,1,1914,250000.0
326,e,0,3,5,146,1,3,1914,250000.0
327,e,1,3,5,140,29,15,1914,250000.0
328,c,0,4,5,140,21,8,1914,250000.0
329,c,2,4,5,150,20,16,1914,250000.0
330,p,5,5,5,86,3,8,1914,250000.0
331,e,1,6,6,100,21,20,1914,250000.0
332,c,0,7,6,96,1,1,1914,250000.0
333,c,2,7,6,93,3,12,1914,250000.0
334,c,3,7,6,76,1,3,1914,250000.0
335,p,5,8,6,98,31,4,1914,250000.0
336,p,4,8,6,72,1,1,1914,250000.0
337,e,0,0,1,166,4,3,1915,250000.0
338,e,1,0,1,183,4,15,1915,250000.0
339,c,0,1,1,134,7,9,1915,250000.0
340,c,1,1,1,164,23,16,1915,250000.0
341,p,4,2,1,132,10,4,1915,250000.0
342,e,0,3,5,152,1,9,1915,250000.0
343,e,1,3,5,148,29,21,1915,250000.0
344,c,0,4,5,141,14,4,1915,250000.0
345,c,2,4,5,153,22,18,1915,250000.0
346,p,5,5,5,86,1,1,1915,250000.0
347,e,1,6,6,100,18,18,1915,250000.0
348,c,0,7,6,99,2,1,1915,250000.0
349,c,2,7,6,94,1,13,1915,250000.0
350,c,3,7,6,79,1,4,1915,250000.0
351,p,5,8,6,102,29,1,1915,250000.0
352,p,4,8,6,75,1,1,1915,250000.0
353,e,0,0,1,171,9,5,1916,250000.0
354,e,1,0,1,190,3,14,1916,250000.0
355,c,0,1,1,138,5,8,1916,250000.0
356,c,1,1,1,170,21,17,1916,250000.0
357,p,4,2,1,134,7,6,1916,250000.0
358,e,0,3,5,159,8,14,1916,250000.0
359,e,1,3,5,148,27,12,1916,250000.0
360,c,0,4,5,143,12,6,1916,250000.0
361,c,2,4,5,161,27,21,1916,250000.0
362,p,5,5,5,93,2,2,1916,250000.0
363,e,1,6,6,100,12,9,1916,250000.0
364,c,0,7,6,100,1,1,1916,250000.0
365,c,2,7,6,99,1,16,1916,250000.0
366,c,3,7,6,83,1,1,1916,250000.0
367,p,5,8,6,102,26,1,1916,250000.0
368,p,4,8,6,78,2,3,1916,250000.0
369,e,0,0,1,175,10,8,1917,250000.0
370,e,1,0,1,192,1,7,1917,250000.0
371,c,0,1,1,141,5,7,1917,250000.0
372,c,1,1,1,170,16,11,1917,250000.0
373,p,4,2,1,135,8,1,1917,250000.0
374,e,0,3,5,165,6,12,1917,250000.0
375,e,1,3,5,154,25,16,1917,250000.0
376,c,0,4,5,144,6,1,1917,250000.0
377,c,2,4,5,161,22,19,1917,250000.0
378,p,5,5,5,98,1,1,1917,250000.0
379,e,1,6,6,100,17,10,1917,250000.0
380,c,0,7,6,100,1,3,1917,250000.0
381,c,2,7,6,99,1,13,1917,250000.0
382,c,3,7,6,86,1,2,1917,250000.0
383,p,5,8,6,105,22,4,1917,250000.0
384,p,4,8,6,79,1,3,1917,250000.0
385,e,0,0,1,182,9,8,1918,250000.0
386,e,1,0,1,195,1,2,1918,250000.0
387,c,0,1,1,142,1,2,1918,250000.0
388,c,1,1,1,175,21,7,1918,250000.0
389,p,4,2,1,139,12,1,1918,250000.0
390,e,0,3,5,170,11,12,1918,250000.0
391,e,1,3,5,158,25,19,1918,250000.0
392,c,0,4,5,146,1,3,1918,250000.0
393,c,2,4,5,164,25,14,1918,250000.0
394,p,5,5,5,104,1,1,1918,250000.0
395,e,1,6,6,100,13,8,1918,250000.0
396,c,0,7,6,100,1,1,1918,250000.0
397,c,2,7,6,99,1,12,1918,250000.0
398,c,3,7,6,94,6,7,1918,250000.0
399,p,5,8,6,107,15,1,1918,250000.0
400,p,4,8,6,82,1,2,1918,250000.0
401,e,0,0,1,182,6,8,1919,250000.0
402,e,1,0,1,200,2,2,1919,250000.0
403,c,0,1,1,147,6,1,1919,250000.0
404,c,1,1,1,177,22,2,1919,250000.0
405,p,4,2,1,144,10,3,1919,250000.0
406,e,0,3,5,170,9,7,1919,250000.0
407,e,1,3,5,160,19,21,1919,250000.0
408,c,0,4,5,150,1,6,1919,250000.0
409,c,2,4,5,166,19,15,1919,250000.0
410,p,5,5,5,108,1,1,1919,250000.0
411,e,1,6,6,100,16,7,1919,250000.0
412,c,0,7,6,100,2,6,1919,250000.0
413,c,2,7,6,100,7,12,1919,250000.0
414,c,3,7,6,95,1,3,1919,250000.0
415,p,5,8,6,107,12,1,1919,250000.0
416,p,4,8,6,84,2,1,1919,250000.0
417,e,0,0,1,190,11,8,1920,250000.0
418,e,1,0,1,206,2,1,1920,250000.0
419,c,0,1,1,150,9,1,1920,250000.0
420,c,1,1,1,184,28,1,1920,250000.0
421,p,4,2,1,149,13,8,1920,250000.0
422,e,0,3,5,171,5,8,1920,250000.0
423,e,1,3,5,163,18,22,1920,250000.0
424,c,0,4,5,158,6,13,1920,250000.0
425,c,2,4,5,166,13,14,1920,250000.0
426,p,5,5,5,114,1,4,1920,250000.0
427,e,1,6,6,100,14,7,1920,250000.0
428,c,0,7,6,100,1,13,1920,250000.0
429,c,2,7,6,100,4,10,1920,250000.0
430,c,3,7,6,100,6,8,1920,250000.0
431,p,5,8,6,112,15,6,1920,250000.0
432,p,4,8,6,84,1,1,1920,250000.0
433,e,0,0,1,198,11,11,1921,250000.0
434,e,1,0,1,208,4,1,1921,250000.0
435,c,0,1,1,158,10,4,1921,250000.0
436,c,1,1,1,185,21,1,1921,250000.0
437,p,4,2,1,149,12,2,1921,250000.0
438,e,0,3,5,178,3,6,1921,250000.0
439,e,1,3,5,163,13,13,1921,250000.0
440,c,0,4,5,161,1,8,1921,250000.0
441,c,2,4,5,166,6,13,1921,250000.0
442,p,5,5,5,119,1,1,1921,250000.0
443,e,1,6,6,100,14,7,1921,250000.0
444,c,0,7,6,100,6,17,1921,250000.0
445,c,2,7,6,100,1,5,1921,250000.0
446,c,3,7,6,100,1,6,1921,250000.0
447,p,5,8,6,118,19,3,1921,250000.0
448,p,4,8,6,89,2,3,1921,250000.0
449,e,0,0,1,199,12,12,1922,250000.0
450,e,1,0,1,209,1,1,1922,250000.0
451,c,0,1,1,165,11,2,1922,250000.0
452,c,1,1,1,191,19,1,1922,250000.0
453,p,4,2,1,154,17,1,1922,250000.0
454,e,0,3,5,185,1,7,1922,250000.0
455,e,1,3,5,166,16,10,1922,250000.0
456,c,0,4,5,165,2,4,1922,250000.0
457,c,2,4,5,170,4,11,1922,250000.0
458,p,5,5,5,119,1,1,1922,250000.0
459,e,1,6,6,100,14,7,1922,250000.0
460,c,0,7,6,100,3,18,1922,250000.0
461,c,2,7,6,100,1,1,1922,250000.0
462,c,3,7,6,100,1,8,1922,250000.0
463,p,5,8,6,126,20,6,1922,250000.0
464,p,4,8,6,94,7,2,1922,250000.0
465,e,0,0,1,201,14,14,1923,250000.0
466,e,1,0,1,217,4,1,1923,250000.0
467,c,0,1,1,171,15,3,1923,250000.0
468,c,1,1,1,197,24,5,1923,250000.0
469,p,4,2,1,156,13,1,1923,250000.0
470,e,0,3,5,193,3,14,1923,250000.0
471,e,1,3,5,172,13,10,1923,250000.0
472,c,0,4,5,168,1,6,1923,250000.0
473,c,2,4,5,174,3,8,1923,250000.0
474,p,5,5,5,124,1,6,1923,250000.0
475,e,1,6,6,100,11,3,1923,250000.0
476,c,0,7,6,100,10,19,1923,250000.0
477,c,2,7,6,100,1,1,1923,250000.0
478,c,3,7,6,100,5,10,1923,250000.0
479,p,5,8,6,127,17,1,1923,250000.0
480,p,4,8,6,101,12,2,1923,250000.0
481,e,0,0,1,204,11,16,1924,250000.0
482,e,1,0,1,217,1,1,1924,250000.0
483,c,0,1,1,175,11,3,1924,250000.0
484,c,1,1,1,203,23,11,1924,250000.0
485,p,4,2,1,164,20,3,1924,250000.0
486,e,0,3,5,196,5,14,1924,250000.0
487,e,1,3,5,174,13,11,1924,250000.0
488,c,0,4,5,176,2,13,1924,250000.0
489,c,2,4,5,178,5,10,1924,250000.0
490,p,5,5,5,132,7,11,1924,250000.0
491,e,1,6,6,100,11,1,1924,250000.0
492,c,0,7,6,100,10,18,1924,250000.0
493,c,2,7,6,100,1,4,1924,250000.0
494,c,3,7,6,100,2,8,1924,250000.0
495,p,5,8,6,133,23,4,1924,250000.0
496,p,4,8,6,107,15,2,1924,250000.0
497,e,0,0,1,209,16,15,1925,250000.0
498,e,1,0,1,217,1,1,1925,250000.0
499,c,0,1,1,175,5,3,1925,250000.0
500,c,1,1,1,210,30,9,1925,250000.0
501,p,4,2,1,171,21,5,1925,250000.0
502,e,0,3,5,199,4,16,1925,250000.0
503,e,1,3,5,179,16,16,1925,250000.0
504,c,0,4,5,184,4,20,1925,250000.0
505,c,2,4,5,181,4,6,1925,250000.0
506,p,5,5,5,136,11,6,1925,250000.0
507,e,1,6,6,100,2,1,1925,250000.0
508,c,0,7,6,100,4,17,1925,250000.0
509,c,2,7,6,100,1,1,1925,250000.0
510,c,3,7,6,100,1,6,1925,250000.0
511,p,5,8,6,141,27,4,1925,250000.0
512,p,4,8,6,110,16,1,1925,250000.0
513,e,0,0,1,210,11,16,1926,250000.0
514,e,1,0,1,223,1,5,1926,250000.0
515,c,0,1,1,181,6,3,1926,250000.0
516,c,1,1,1,212,27,7,1926,250000.0
517,p,4,2,1,175,20,9,1926,250000.0
518,e,0,3,5,199,1,7,1926,250000.0
519,e,1,3,5,184,15,13,1926,250000.0
520,c,0,4,5,185,1,18,1926,250000.0
521,c,2,4,5,182,1,2,1926,250000.0
522,p,5,5,5,137,4,1,1926,250000.0
523,e,1,6,6,100,3,1,1926,250000.0
524,c,0,7,6,100,11,17,1926,250000.0
525,c,2,7,6,100,1,1,1926,250000.0
526,c,3,7,6,100,1,1,1926,250000.0
527,p,5,8,6,142,24,4,1926,250000.0
528,p,4,8,6,110,14,1,1926,250000.0
529,e,0,0,1,212,5,17,1927,250000.0
530,e,1,0,1,224,1,1,1927,250000.0
531,c,0,1,1,186,10,1,1927,250000.0
532,c,1,1,1,214,22,7,1927,250000.0
533,p,4,2,1,176,18,5,1927,250000.0
534,e,0,3,5,200,1,12,1927,250000.0
535,e,1,3,5,185,12,8,1927,250000.0
536,c,0,4,5,189,4,17,1927,250000.0
537,c,2,4,5,189,4,5,1927,250000.0
538,p,5,5,5,143,6,5,1927,250000.0
539,e,1,6,6,100,1,7,1927,250000.0
540,c,0,7,6,100,11,25,1927,250000.0
541,c,2,7,6,100,1,1,1927,250000.0
542,c,3,7,6,100,1,1,1927,250000.0
543,p,5,8,6,146,24,8,1927,250000.0
544,p,4,8,6,112,8,1,1927,250000.0
545,e,0,0,1,214,1,13,1928,250000.0
546,e,1,0,1,231,1,6,1928,250000.0
547,c,0,1,1,190,6,1,1928,250000.0
548,c,1,1,1,215,14,1,1928,250000.0
549,p,4,2,1,183,22,3,1928,250000.0
550,e,0,3,5,200,2,5,1928,250000.0
551,e,1,3,5,189,10,10,1928,250000.0
552,c,0,4,5,193,4,21,1928,250000.0
553,c,2,4,5,194,2,2,1928,250000.0
554,p,5,5,5,148,11,5,1928,250000.0
555,e,1,6,6,100,2,11,1928,250000.0
556,c,0,7,6,100,5,22,1928,250000.0
557,c,2,7,6,100,1,4,1928,250000.0
558,c,3,7,6,100,4,1,1928,250000.0
559,p,5,8,6,149,24,9,1928,250000.0
560,p,4,8,6,118,14,2,1928,250000.0
561,e,0,0,1,219,1,17,1929,250000.0
562,e,1,0,1,231,1,1,1929,250000.0
563,c,0,1,1,191,1,1,1929,250000.0
564,c,1,1,1,218,14,1,1929,250000.0
565,p,4,2,1,188,18,7,1929,250000.0
566,e,0,3,5,200,1,1,1929,250000.0
567,e,1,3,5,190,5,7,1929,250000.0
568,c,0,4,5,195,1,19,1929,250000.0
569,c,2,4,5,198,6,2,1929,250000.0
570,p,5,5,5,155,14,4,1929,250000.0
571,e,1,6,6,100,1,8,1929,250000.0
572,c,0,7,6,100,5,21,1929,250000.0
573,c,2,7,6,100,1,9,1929,250000.0
574,c,3,7,6,100,5,1,1929,250000.0
575,p,5,8,6,154,28,11,1929,250000.0
576,p,4,8,6,119,9,3,1929,250000.0
577,e,0,0,1,223,1,13,1930,250000.0
578,e,1,0,1,236,1,1,1930,250000.0
579,c,0,1,1,198,1,1,1930,250000.0
580,c,1,1,1,220,9,2,1930,250000.0
581,p,4,2,1,191,14,5,1930,250000.0
582,e,0,3,5,200,3,3,1930,250000.0
583,e,1,3,5,194,6,2,1930,250000.0
584,c,0,4,5,200,8,20,1930,250000.0
585,c,2,4,5,200,10,10,1930,250000.0
586,p,5,5,5,155,7,2,1930,250000.0
587,e,1,6,6,100,3,10,1930,250000.0
588,c,0,7,6,100,3,23,1930,250000.0
589,c,2,7,6,100,1,4,1930,250000.0
590,c,3,7,6,100,8,1,1930,250000.0
591,p,5,8,6,154,23,11,1930,250000.0
592,p,4,8,6,125,7,6,1930,250000.0
593,e,0,0,1,228,3,14,1931,250000.0
594,e,1,0,1,239,1,1,1931,250000.0
595,c,0,1,1,205,6,5,1931,250000.0
596,c,1,1,1,227,16,2,1931,250000.0
597,p,4,2,1,194,11,5,1931,250000.0
598,e,0,3,5,200,1,1,1931,250000.0
599,e,1,3,5,194,1,1,1931,250000.0
600,c,0,4,5,200,8,20,1931,250000.0
601,c,2,4,5,200,14,14,1931,250000.0
602,p,5,5,5,157,5,1,1931,250000.0
603,e,1,6,6,100,8,13,1931,250000.0
604,c,0,7,6,100,10,26,1931,250000.0
605,c,2,7,6,100,3,11,1931,250000.0
606,c,3,7,6,100,16,6,1931,250000.0
607,p,5,8,6,158,22,6,1931,250000.0
608,p,4,8,6,128,6,1,1931,250000.0
609,e,0,0,1,228,1,5,1932,250000.0
610,e,1,0,1,247,9,6,1932,250000.0
611,c,0,1,1,211,12,7,1932,250000.0
612,c,1,1,1,232,14,3,1932,250000.0
613,p,4,2,1,200,12,8,1932,250000.0
614,e,0,3,5,200,1,1,1932,250000.0
615,e,1,3,5,200,2,6,1932,250000.0
616,c,0,4,5,200,1,21,1932,250000.0
617,c,2,4,5,200,18,21,1932,250000.0
618,p,5,5,5,160,4,1,1932,250000.0
619,e,1,6,6,100,1,5,1932,250000.0
620,c,0,7,6,100,10,21,1932,250000.0
621,c,2,7,6,100,5,15,1932,250000.0
622,c,3,7,6,100,21,12,1932,250000.0
623,p,5,8,6,158,21,1,1932,250000.0
624,p,4,8,6,134,5,1,1932,250000.0
625,e,0,0,1,234,1,5,1933,250000.0
626,e,1,0,1,247,2,3,1933,250000.0
627,c,0,1,1,216,9,5,1933,250000.0
628,c,1,1,1,236,13,5,1933,250000.0
629,p,4,2,1,200,11,1,1933,250000.0
630,e,0,3,5,200,1,5,1933,250000.0
631,e,1,3,5,200,2,6,1933,250000.0
632,c,0,4,5,200,1,26,1933,250000.0
633,c,2,4,5,200,20,19,1933,250000.0
634,p,5,5,5,163,5,2,1933,250000.0
635,e,1,6,6,100,1,1,1933,250000.0
636,c,0,7,6,100,7,21,1933,250000.0
637,c,2,7,6,100,8,18,1933,250000.0
638,c,3,7,6,100,15,10,1933,250000.0
639,p,5,8,6,162,24,4,1933,250000.0
640,p,4,8,6,134,1,1,1933,250000.0
641,e,0,0,1,237,1,6,1934,250000.0
642,e,1,0,1,253,6,1,1934,250000.0
643,c,0,1,1,223,11,9,1934,250000.0
644,c,1,1,1,242,14,6,1934,250000.0
645,p,4,2,1,200,7,5,1934,250000.0
646,e,0,3,5,200,1,6,1934,250000.0
647,e,1,3,5,200,1,3,1934,250000.0
648,c,0,4,5,200,2,33,1934,250000.0
649,c,2,4,5,200,20,23,1934,250000.0
650,p,5,5,5,167,3,5,1934,250000.0
651,e,1,6,6,100,2,4,1934,250000.0
652,c,0,7,6,100,6,26,1934,250000.0
653,c,2,7,6,100,8,19,1934,250000.0
654,c,3,7,6,100,16,6,1934,250000.0
655,p,5,8,6,169,23,5,1934,250000.0
656,p,4,8,6,138,1,4,1934,250000.0
657,e,0,0,1,240,1,4,1935,250000.0
658,e,1,0,1,256,1,1,1935,250000.0
659,c,0,1,1,223,9,9,1935,250000.0
660,c,1,1,1,243,7,3,1935,250000.0
661,p,4,2,1,200,10,2,1935,250000.0
662,e,0,3,5,200,1,2,1935,250000.0
663,e,1,3,5,200,5,2,1935,250000.0
664,c,0,4,5,200,3,32,1935,250000.0
665,c,2,4,5,200,17,25,1935,250000.0
666,p,5,5,5,172,7,3,1935,250000.0
667,e,1,6,6,100,3,1,1935,250000.0
668,c,0,7,6,100,6,27,1935,250000.0
669,c,2,7,6,100,4,13,1935,250000.0
670,c,3,7,6,100,21,6,1935,250000.0
671,p,5,8,6,176,30,7,1935,250000.0
672,p,4,8,6,138,1,1,1935,250000.0
673,e,0,0,1,248,1,9,1936,250000.0
674,e,1,0,1,257,1,1,1936,250000.0
675,c,0,1,1,226,10,12,1936,250000.0
676,c,1,1,1,248,3,2,1936,250000.0
677,p,4,2,1,200,8,1,1936,250000.0
678,e,0,3,5,200,1,1,1936,250000.0
679,e,1,3,5,200,5,5,1936,250000.0
680,c,0,4,5,200,8,38,1936,250000.0
681,c,2,4,5,200,14,23,1936,250000.0
682,p,5,5,5,176,3,4,1936,250000.0
683,e,1,6,6,100,7,7,1936,250000.0
684,c,0,7,6,100,10,25,1936,250000.0
685,c,2,7,6,100,1,12,1936,250000.0
686,c,3,7,6,100,28,7,1936,250000.0
687,p,5,8,6,176,23,1,1936,250000.0
688,p,4,8,6,141,1,4,1936,250000.0
689,e,0,0,1,255,1,16,1937,250000.0
690,e,1,0,1,261,1,1,1937,250000.0
691,c,0,1,1,229,5,14,1937,250000.0
692,c,1,1,1,251,6,2,1937,250000.0
693,p,4,2,1,200,5,1,1937,250000.0
694,e,0,3,5,200,4,1,1937,250000.0
695,e,1,3,5,200,3,5,1937,250000.0
696,c,0,4,5,200,7,31,1937,250000.0
697,c,2,4,5,200,13,20,1937,250000.0
698,p,5,5,5,183,10,7,1937,250000.0
699,e,1,6,6,100,5,3,1937,250000.0
700,c,0,7,6,100,12,28,1937,250000.0
701,c,2,7,6,100,1,12,1937,250000.0
702,c,3,7,6,100,23,4,1937,250000.0
703,p,5,8,6,177,24,1,1937,250000.0
704,p,4,8,6,144,1,1,1937,250000.0
705,e,0,0,1,257,3,9,1938,250000.0
706,e,1,0,1,263,1,1,1938,250000.0
707,c,0,1,1,232,8,16,1938,250000.0
708,c,1,1,1,253,7,3,1938,250000.0
709,p,4,2,1,200,1,1,1938,250000.0
710,e,0,3,5,200,1,1,1938,250000.0
711,e,1,3,5,200,10,8,1938,250000.0
712,c,0,4,5,200,12,29,1938,250000.0
713,c,2,4,5,200,17,18,1938,250000.0
714,p,5,5,5,186,5,10,1938,250000.0
715,e,1,6,6,100,1,2,1938,250000.0
716,c,0,7,6,100,13,24,1938,250000.0
717,c,2,7,6,100,1,11,1938,250000.0
718,c,3,7,6,100,19,5,1938,250000.0
719,p,5,8,6,183,23,7,1938,250000.0
720,p,4,8,6,144,1,1,1938,250000.0
721,e,0,0,1,258,1,2,1939,250000.0
722,e,1,0,1,267,2,3,1939,250000.0
723,c,0,1,1,240,13,16,1939,250000.0
724,c,1,1,1,259,10,9,1939,250000.0
725,p,4,2,1,200,3,4,1939,250000.0
726,e,0,3,5,200,1,1,1939,250000.0
727,e,1,3,5,200,9,9,1939,250000.0
728,c,0,4,5,200,8,30,1939,250000.0
729,c,2,4,5,200,11,15,1939,250000.0
730,p,5,5,5,190,7,6,1939,250000.0
731,e,1,6,6,100,1,1,1939,250000.0
732,c,0,7,6,100,8,23,1939,250000.0
733,c,2,7,6,100,3,4,1939,250000.0
734,c,3,7,6,100,22,12,1939,250000.0
735,p,5,8,6,185,24,5,1939,250000.0
736,p,4,8,6,145,1,1,1939,250000.0
737,e,0,0,1,258,1,1,1940,250000.0
738,e,1,0,1,270,4,5,1940,250000.0
739,c,0,1,1,248,19,16,1940,250000.0
740,c,1,1,1,263,8,7,1940,250000.0
741,p,4,2,1,200,5,1,1940,250000.0
742,e,0,3,5,200,1,1,1940,250000.0
743,e,1,3,5,200,12,13,1940,250000.0
744,c,0,4,5,200,8,31,1940,250000.0
745,c,2,4,5,200,5,9,1940,250000.0
746,p,5,5,5,197,8,10,1940,250000.0
747,e,1,6,6,100,6,3,1940,250000.0
748,c,0,7,6,100,12,27,1940,250000.0
749,c,2,7,6,100,5,5,1940,250000.0
750,c,3,7,6,100,28,17,1940,250000.0
751,p,5,8,6,193,31,10,1940,250000.0
752,p,4,8,6,153,1,8,1940,250000.0
753,e,0,0,1,263,1,1,1941,250000.0
754,e,1,0,1,270,4,1,1941,250000.0
755,c,0,1,1,249,14,10,1941,250000.0
756,c,1,1,1,269,13,11,1941,250000.0
757,p,4,2,1,200,2,1,1941,250000.0
758,e,0,3,5,200,2,1,1941,250000.0
759,e,1,3,5,200,3,11,1941,250000.0
760,c,0,4,5,200,10,25,1941,250000.0
761,c,2,4,5,200,3,5,1941,250000.0
762,p,5,5,5,200,7,4,1941,250000.0
763,e,1,6,6,100,1,1,1941,250000.0
764,c,0,7,6,100,13,22,1941,250000.0
765,c,2,7,6,100,2,5,1941,250000.0
766,c,3,7,6,100,28,17,1941,250000.0
767,p,5,8,6,200,33,8,1941,250000.0
768,p,4,8,6,161,6,9,1941,250000.0
769,e,0,0,1,267,1,1,1942,250000.0
770,e,1,0,1,272,6,2,1942,250000.0
771,c,0,1,1,257,22,9,1942,250000.0
772,c,1,1,1,277,14,19,1942,250000.0
773,p,4,2,1,200,1,1,1942,250000.0
774,e,0,3,5,200,1,1,1942,250000.0
775,e,1,3,5,200,1,8,1942,250000.0
776,c,0,4,5,200,10,25,1942,250000.0
777,c,2,4,5,200,7,6,1942,250000.0
778,p,5,5,5,200,12,2,1942,250000.0
779,e,1,6,6,100,1,1,1942,250000.0
780,c,0,7,6,100,7,19,1942,250000.0
781,c,2,7,6,100,10,7,1942,250000.0
782,c,3,7,6,100,28,12,1942,250000.0
783,p,5,8,6,200,27,1,1942,250000.0
784,p,4,8,6,166,6,14,1942,250000.0
785,e,0,0,1,274,6,1,1943,250000.0
786,e,1,0,1,279,13,9,1943,250000.0
787,c,0,1,1,262,19,13,1943,250000.0
788,c,1,1,1,282,15,22,1943,250000.0
789,p,4,2,1,200,1,1,1943,250000.0
790,e,0,3,5,200,7,7,1943,250000.0
791,e,1,3,5,200,1,6,1943,250000.0
792,c,0,4,5,200,4,27,1943,250000.0
793,c,2,4,5,200,9,7,1943,250000.0
794,p,5,5,5,200,11,1,1943,250000.0
795,e,1,6,6,100,1,1,1943,250000.0
796,c,0,7,6,100,1,19,1943,250000.0
797,c,2,7,6,100,14,9,1943,250000.0
798,c,3,7,6,100,25,11,1943,250000.0
799,p,5,8,6,200,31,4,1943,250000.0
800,p,4,8,6,166,6,8,1943,250000.0
801,e,0,0,1,274,1,1,1944,250000.0
802,e,1,0,1,284,9,14,1944,250000.0
803,c,0,1,1,262,10,6,1944,250000.0
804,c,1,1,1,290,18,28,1944,250000.0
805,p,4,2,1,200,1,1,1944,250000.0
806,e,0,3,5,200,7,3,1944,250000.0
807,e,1,3,5,200,1,3,1944,250000.0
808,c,0,4,5,200,1,20,1944,250000.0
809,c,2,4,5,200,5,7,1944,250000.0
810,p,5,5,5,200,10,2,1944,250000.0
811,e,1,6,6,100,1,1,1944,250000.0
812,c,0,7,6,100,1,20,1944,250000.0
813,c,2,7,6,100,13,15,1944,250000.0
814,c,3,7,6,100,22,7,1944,250000.0
815,p,5,8,6,200,28,1,1944,250000.0
816,p,4,8,6,167,3,8,1944,250000.0
817,e,0,0,1,282,2,5,1945,250000.0
818,e,1,0,1,287,9,10,1945,250000.0
819,c,0,1,1,263,11,1,1945,250000.0
820,c,1,1,1,294,16,29,1945,250000.0
821,p,4,2,1,200,2,1,1945,250000.0
822,e,0,3,5,200,12,5,1945,250000.0
823,e,1,3,5,200,7,2,1945,250000.0
824,c,0,4,5,200,1,16,1945,250000.0
825,c,2,4,5,200,9,9,1945,250000.0
826,p,5,5,5,200,8,2,1945,250000.0
827,e,1,6,6,100,4,3,1945,250000.0
828,c,0,7,6,100,3,19,1945,250000.0
829,c,2,7,6,100,8,12,1945,250000.0
830,c,3,7,6,100,17,1,1945,250000.0
831,p,5,8,6,200,26,6,1945,250000.0
832,p,4,8,6,171,1,3,1945,250000.0
833,e,0,0,1,287,5,10,1946,250000.0
834,e,1,0,1,295,17,15,1946,250000.0
835,c,0,1,1,267,13,1,1946,250000.0
836,c,1,1,1,297,15,31,1946,250000.0
837,p,4,2,1,200,1,1,1946,250000.0
838,e,0,3,5,200,9,1,1946,250000.0
839,e,1,3,5,200,9,5,1946,250000.0
840,c,0,4,5,200,1,17,1946,250000.0
841,c,2,4,5,200,7,6,1946,250000.0
842,p,5,5,5,200,6,7,1946,250000.0
843,e,1,6,6,100,1,1,1946,250000.0
844,c,0,7,6,100,1,23,1946,250000.0
845,c,2,7,6,100,1,10,1946,250000.0
846,c,3,7,6,100,17,1,1946,250000.0
847,p,5,8,6,200,31,7,1946,250000.0
848,p,4,8,6,174,1,1,1946,250000.0
849,e,0,0,1,290,1,9,1947,250000.0
850,e,1,0,1,297,13,15,1947,250000.0
851,c,0,1,1,270,8,1,1947,250000.0
852,c,1,1,1,300,14,28,1947,250000.0
853,p,4,2,1,200,4,7,1947,250000.0
854,e,0,3,5,200,10,1,1947,250000.0
855,e,1,3,5,200,12,7,1947,250000.0
856,c,0,4,5,200,1,11,1947,250000.0
857,c,2,4,5,200,1,2,1947,250000.0
858,p,5,5,5,200,8,13,1947,250000.0
859,e,1,6,6,100,1,1,1947,250000.0
860,c,0,7,6,100,1,27,1947,250000.0
861,c,2,7,6,100,1,7,1947,250000.0
862,c,3,7,6,100,24,3,1947,250000.0
863,p,5,8,6,200,36,8,1947,250000.0
864,p,4,8,6,176,1,1,1947,250000.0
865,e,0,0,1,295,3,6,1948,250000.0
866,e,1,0,1,300,21,16,1948,250000.0
867,c,0,1,1,273,2,1,1948,250000.0
868,c,1,1,1,300,10,24,1948,250000.0
869,p,4,2,1,200,2,7,1948,250000.0
870,e,0,3,5,200,7,1,1948,250000.0
871,e,1,3,5,200,15,11,1948,250000.0
872,c,0,4,5,200,8,12,1948,250000.0
873,c,2,4,5,200,8,5,1948,250000.0
874,p,5,5,5,200,5,13,1948,250000.0
875,e,1,6,6,100,6,4,1948,250000.0
876,c,0,7,6,100,1,27,1948,250000.0
877,c,2,7,6,100,1,4,1948,250000.0
878,c,3,7,6,100,24,7,1948,250000.0
879,p,5,8,6,200,36,7,1948,250000.0
880,p,4,8,6,176,1,1,1948,250000.0
881,e,0,0,1,295,2,2,1949,250000.0
882,e,1,0,1,300,18,12,1949,250000.0
883,c,0,1,1,274,1,1,1949,250000.0
884,c,1,1,1,300,6,17,1949,250000.0
885,p,4,2,1,200,2,7,1949,250000.0
886,e,0,3,5,200,6,2,1949,250000.0
887,e,1,3,5,200,14,12,1949,250000.0
888,c,0,4,5,200,7,4,1949,250000.0
889,c,2,4,5,200,13,3,1949,250000.0
890,p,5,5,5,200,6,7,1949,250000.0
891,e,1,6,6,100,4,1,1949,250000.0
892,c,0,7,6,100,2,23,1949,250000.0
893,c,2,7,6,100,3,8,1949,250000.0
894,c,3,7,6,100,22,13,1949,250000.0
895,p,5,8,6,200,44,7,1949,250000.0
896,p,4,8,6,182,5,6,1949,250000.0
897,e,0,0,1,300,5,4,1950,250000.0
898,e,1,0,1,300,23,13,1950,250000.0
899,c,0,1,1,275,1,1,1950,250000.0
900,c,1,1,1,300,7,11,1950,250000.0
901,p,4,2,1,200,1,8,1950,250000.0
902,e,0,3,5,200,1,2,1950,250000.0
903,e,1,3,5,200,15,8,1950,250000.0
904,c,0,4,5,200,9,4,1950,250000.0
905,c,2,4,5,200,18,1,1950,250000.0
906,p,5,5,5,200,11,12,1950,250000.0
907,e,1,6,6,100,1,1,1950,250000.0
908,c,0,7,6,100,10,30,1950,250000.0
909,c,2,7,6,100,4,9,1950,250000.0
910,c,3,7,6,100,25,13,1950,250000.0
911,p,5,8,6,200,37,5,1950,250000.0
912,p,4,8,6,188,6,7,1950,250000.0
913,e,0,0,1,300,5,10,1951,250000.0
914,e,1,0,1,300,30,21,1951,250000.0
915,c,0,1,1,277,1,1,1951,250000.0
916,c,1,1,1,300,1,11,1951,250000.0
917,p,4,2,1,200,7,10,1951,250000.0
918,e,0,3,5,200,1,8,1951,250000.0
919,e,1,3,5,200,19,9,1951,250000.0
920,c,0,4,5,200,5,3,1951,250000.0
921,c,2,4,5,200,24,3,1951,250000.0
922,p,5,5,5,200,19,18,1951,250000.0
923,e,1,6,6,100,1,1,1951,250000.0
924,c,0,7,6,100,6,34,1951,250000.0
925,c,2,7,6,100,5,7,1951,250000.0
926,c,3,7,6,100,29,12,1951,250000.0
927,p,5,8,6,200,34,1,1951,250000.0
928,p,4,8,6,193,2,3,1951,250000.0
929,e,0,0,1,300,2,10,1952,250000.0
930,e,1,0,1,300,36,20,1952,250000.0
931,c,0,1,1,277,1,1,1952,250000.0
932,c,1,1,1,300,1,11,1952,250000.0
933,p,4,2,1,200,10,7,1952,250000.0
934,e,0,3,5,200,2,9,1952,250000.0
935,e,1,3,5,200,23,11,1952,250000.0
936,c,0,4,5,200,11,2,1952,250000.0
937,c,2,4,5,200,22,2,1952,250000.0
938,p,5,5,5,200,16,20,1952,250000.0
939,e,1,6,6,100,1,1,1952,250000.0
940,c,0,7,6,100,3,34,1952,250000.0
941,c,2,7,6,100,3,4,1952,250000.0
942,c,3,7,6,100,22,5,1952,250000.0
943,p,5,8,6,200,32,4,1952,250000.0
944,p,4,8,6,200,1,3,1952,250000.0
945,e,0,0,1,300,3,5,1953,250000.0
946,e,1,0,1,300,42,23,1953,250000.0
947,c,0,1,1,281,1,1,1953,250000.0
948,c,1,1,1,300,2,4,1953,250000.0
949,p,4,2,1,200,11,3,1953,250000.0
950,e,0,3,5,200,3,12,1953,250000.0
951,e,1,3,5,200,25,13,1953,250000.0
952,c,0,4,5,200,11,1,1953,250000.0
953,c,2,4,5,200,19,1,1953,250000.0
954,p,5,5,5,200,17,21,1953,250000.0
955,e,1,6,6,100,6,1,1953,250000.0
956,c,0,7,6,100,2,29,1953,250000.0
957,c,2,7,6,100,1,1,1953,250000.0
958,c,3,7,6,100,20,10,1953,250000.0
959,p,5,8,6,200,28,4,1953,250000.0
960,p,4,8,6,200,1,1,1953,250000.0
961,e,0,0,1,300,1,5,1954,250000.0
962,e,1,0,1,300,42,21,1954,250000.0
963,c,0,1,1,288,1,2,1954,250000.0
964,c,1,1,1,300,6,9,1954,250000.0
965,p,4,2,1,200,12,5,1954,250000.0
966,e,0,3,5,200,2,16,1954,250000.0
967,e,1,3,5,200,25,18,1954,250000.0
968,c,0,4,5,200,14,1,1954,250000.0
969,c,2,4,5,200,17,5,1954,250000.0
970,p,5,5,5,200,11,15,1954,250000.0
971,e,1,6,6,100,4,1,1954,250000.0
972,c,0,7,6,100,8,31,1954,250000.0
973,c,2,7,6,100,1,1,1954,250000.0
974,c,3,7,6,100,22,4,1954,250000.0
975,p,5,8,6,200,23,1,1954,250000.0
976,p,4,8,6,200,1,1,1954,250000.0
977,e,0,0,1,300,1,6,1955,250000.0
978,e,1,0,1,300,45,22,1955,250000.0
979,c,0,1,1,294,1,8,1955,250000.0
980,c,1,1,1,300,6,5,1955,250000.0
981,p,4,2,1,200,4,1,1955,250000.0
982,e,0,3,5,200,1,11,1955,250000.0
983,e,1,3,5,200,29,21,1955,250000.0
984,c,0,4,5,200,16,4,1955,250000.0
985,c,2,4,5,200,16,4,1955,250000.0
986,p,5,5,5,200,14,22,1955,250000.0
987,e,1,6,6,100,1,1,1955,250000.0
988,c,0,7,6,100,4,32,1955,250000.0
989,c,2,7,6,100,2,6,1955,250000.0
990,c,3,7,6,100,18,1,1955,250000.0
991,p,5,8,6,200,16,1,1955,250000.0
992,p,4,8,6,200,1,4,1955,250000.0
993,e,0,0,1,300,1,11,1956,250000.0
994,e,1,0,1,300,46,20,1956,250000.0
995,c,0,1,1,295,1,7,1956,250000.0
996,c,1,1,1,300,3,2,1956,250000.0
997,p,4,2,1,200,5,7,1956,250000.0
998,e,0,3,5,200,7,11,1956,250000.0
999,e,1,3,5,200,31,16,1956,250000.0
1000,c,0,4,5,200,9,1,1956,250000.0
1001,c,2,4,5,200,19,1,1956,250000.0
1002,p,5,5,5,200,17,24,1956,250000.0
1003,e,1,6,6,100,1,1,1956,250000.0
1004,c,0,7,6,100,8,35,1956,250000.0
1005,c,2,7,6,100,5,8,1956,250000.0
1006,c,3,7,6,100,22,1,1956,250000.0
1007,p,5,8,6,200,21,1,1956,250000.0
1008,p,4,8,6,200,3,2,1956,250000.0
1009,e,0,0,1,300,6,16,1957,250000.0
1010,e,1,0,1,300,46,20,1957,250000.0
1011,c,0,1,1,297,1,8,1957,250000.0
1012,c,1,1,1,300,4,9,1957,250000.0
1013,p,4,2,1,200,4,4,1957,250000.0
1014,e,0,3,5,200,1,11,1957,250000.0
1015,e,1,3,5,200,34,23,1957,250000.0
1016,c,0,4,5,200,11,1,1957,250000.0
1017,c,2,4,5,200,21,4,1957,250000.0
1018,p,5,5,5,200,20,25,1957,250000.0
1019,e,1,6,6,100,1,1,1957,250000.0
1020,c,0,7,6,100,1,33,1957,250000.0
1021,c,2,7,6,100,3,5,1957,250000.0
1022,c,3,7,6,100,18,4,1957,250000.0
1023,p,5,8,6,200,25,5,1957,250000.0
1024,p,4,8,6,200,5,1,1957,250000.0
1025,e,0,0,1,300,6,9,1958,250000.0
1026,e,1,0,1,300,43,15,1958,250000.0
1027,c,0,1,1,300,1,8,1958,250000.0
1028,c,1,1,1,300,3,4,1958,250000.0
1029,p,4,2,1,200,10,8,1958,250000.0
1030,e,0,3,5,200,3,12,1958,250000.0
1031,e,1,3,5,200,34,26,1958,250000.0
1032,c,0,4,5,200,11,2,1958,250000.0
1033,c,2,4,5,200,14,3,1958,250000.0
1034,p,5,5,5,200,16,27,1958,250000.0
1035,e,1,6,6,100,3,1,1958,250000.0
1036,c,0,7,6,100,1,29,1958,250000.0
1037,c,2,7,6,100,9,8,1958,250000.0
1038,c,3,7,6,100,18,1,1958,250000.0
1039,p,5,8,6,200,24,1,1958,250000.0
1040,p,4,8,6,200,2,1,1958,250000.0
1041,e,0,0,1,300,1,6,1959,250000.0
1042,e,1,0,1,300,42,9,1959,250000.0
1043,c,0,1,1,300,4,8,1959,250000.0
1044,c,1,1,1,300,1,7,1959,250000.0
1045,p,4,2,1,200,12,1,1959,250000.0
1046,e,0,3,5,200,2,12,1959,250000.0
1047,e,1,3,5,200,37,27,1959,250000.0
1048,c,0,4,5,200,16,3,1959,250000.0
1049,c,2,4,5,200,18,10,1959,250000.0
1050,p,5,5,5,200,21,29,1959,250000.0
1051,e,1,6,6,100,1,1,1959,250000.0
1052,c,0,7,6,100,1,28,1959,250000.0
1053,c,2,7,6,100,8,12,1959,250000.0
1054,c,3,7,6,100,18,1,1959,250000.0
1055,p,5,8,6,200,32,2,1959,250000.0
1056,p,4,8,6,200,10,2,1959,250000.0
1057,e,0,0,1,300,1,1,1960,250000.0
1058,e,1,0,1,300,39,13,1960,250000.0
1059,c,0,1,1,300,2,11,1960,250000.0
1060,c,1,1,1,300,6,8,1960,250000.0
1061,p,4,2,1,200,8,2,1960,250000.0
1062,e,0,3,5,200,1,9,1960,250000.0
1063,e,1,3,5,200,37,25,1960,250000.0
1064,c,0,4,5,200,18,1,1960,250000.0
1065,c,2,4,5,200,18,6,1960,250000.0
1066,p,5,5,5,200,21,36,1960,250000.0
1067,e,1,6,6,100,5,7,1960,250000.0
1068,c,0,7,6,100,1,21,1960,250000.0
1069,c,2,7,6,100,9,15,1960,250000.0
1070,c,3,7,6,100,12,2,1960,250000.0
1071,p,5,8,6,200,38,3,1960,250000.0
1072,p,4,8,6,200,6,1,1960,250000.0
1073,e,0,0,1,300,3,1,1961,250000.0
1074,e,1,0,1,300,35,12,1961,250000.0
1075,c,0,1,1,300,1,11,1961,250000.0
1076,c,1,1,1,300,4,7,1961,250000.0
1077,p,4,2,1,200,1,1,1961,250000.0
1078,e,0,3,5,200,1,10,1961,250000.0
1079,e,1,3,5,200,33,27,1961,250000.0
1080,c,0,4,5,200,26,9,1961,250000.0
1081,c,2,4,5,200,23,5,1961,250000.0
1082,p,5,5,5,200,24,40,1961,250000.0
1083,e,1,6,6,100,1,2,1961,250000.0
1084,c,0,7,6,100,3,21,1961,250000.0
1085,c,2,7,6,100,11,11,1961,250000.0
1086,c,3,7,6,100,14,7,1961,250000.0
1087,p,5,8,6,200,37,5,1961,250000.0
1088,p,4,8,6,200,6,5,1961,250000.0
1089,e,0,0,1,300,4,1,1962,250000.0
1090,e,1,0,1,300,43,20,1962,250000.0
1091,c,0,1,1,300,6,13,1962,250000.0
1092,c,1,1,1,300,4,12,1962,250000.0
1093,p,4,2,1,200,5,2,1962,250000.0
1094,e,0,3,5,200,1,7,1962,250000.0
1095,e,1,3,5,200,30,22,1962,250000.0
1096,c,0,4,5,200,25,11,1962,250000.0
1097,c,2,4,5,200,22,5,1962,250000.0
1098,p,5,5,5,200,31,45,1962,250000.0
1099,e,1,6,6,100,1,5,1962,250000.0
1100,c,0,7,6,100,4,22,1962,250000.0
1101,c,2,7,6,100,3,9,1962,250000.0
1102,c,3,7,6,100,20,8,1962,250000.0
1103,p,5,8,6,200,32,1,1962,250000.0
1104,p,4,8,6,200,1,6,1962,250000.0
1105,e,0,0,1,300,1,1,1963,250000.0
1106,e,1,0,1,300,38,21,1963,250000.0
1107,c,0,1,1,300,3,7,1963,250000.0
1108,c,1,1,1,300,7,9,1963,250000.0
1109,p,4,2,1,200,1,1,1963,250000.0
1110,e,0,3,5,200,3,11,1963,250000.0
1111,e,1,3,5,200,27,24,1963,250000.0
1112,c,0,4,5,200,28,8,1963,250000.0
1113,c,2,4,5,200,18,1,1963,250000.0
1114,p,5,5,5,200,34,47,1963,250000.0
1115,e,1,6,6,100,1,4,1963,250000.0
1116,c,0,7,6,100,1,22,1963,250000.0
1117,c,2,7,6,100,4,12,1963,250000.0
1118,c,3,7,6,100,21,12,1963,250000.0
1119,p,5,8,6,200,38,8,1963,250000.0
1120,p,4,8,6,200,1,7,1963,250000.0
1121,e,0,0,1,300,8,5,1964,250000.0
1122,e,1,0,1,300,40,17,1964,250000.0
1123,c,0,1,1,300,1,6,1964,250000.0
1124,c,1,1,1,300,1,7,1964,250000.0
1125,p,4,2,1,200,1,1,1964,250000.0
1126,e,0,3,5,200,1,13,1964,250000.0
1127,e,1,3,5,200,19,18,1964,250000.0
1128,c,0,4,5,200,32,9,1964,250000.0
1129,c,2,4,5,200,16,1,1964,250000.0
1130,p,5,5,5,200,34,49,1964,250000.0
1131,e,1,6,6,100,1,5,1964,250000.0
1132,c,0,7,6,100,5,24,1964,250000.0
1133,c,2,7,6,100,1,10,1964,250000.0
1134,c,3,7,6,100,20,17,1964,250000.0
1135,p,5,8,6,200,43,6,1964,250000.0
1136,p,4,8,6,200,1,7,1964,250000.0
1137,e,0,0,1,300,1,1,1965,250000.0
1138,e,1,0,1,300,39,10,1965,250000.0
1139,c,0,1,1,300,1,3,1965,250000.0
1140,c,1,1,1,300,2,13,1965,250000.0
1141,p,4,2,1,200,1,1,1965,250000.0
1142,e,0,3,5,200,1,5,1965,250000.0
1143,e,1,3,5,200,14,12,1965,250000.0
1144,c,0,4,5,200,24,5,1965,250000.0
1145,c,2,4,5,200,17,2,1965,250000.0
1146,p,5,5,5,200,31,42,1965,250000.0
1147,e,1,6,6,100,1,1,1965,250000.0
1148,c,0,7,6,100,1,15,1965,250000.0
1149,c,2,7,6,100,1,10,1965,250000.0
1150,c,3,7,6,100,18,20,1965,250000.0
1151,p,5,8,6,200,35,1,1965,250000.0
1152,p,4,8,6,200,2,9,1965,250000.0
1153,e,0,0,1,300,3,1,1966,250000.0
1154,e,1,0,1,300,41,13,1966,250000.0
1155,c,0,1,1,300,1,1,1966,250000.0
1156,c,1,1,1,300,1,13,1966,250000.0
1157,p,4,2,1,200,6,6,1966,250000.0
1158,e,0,3,5,200,1,11,1966,250000.0
1159,e,1,3,5,200,15,11,1966,250000.0
1160,c,0,4,5,200,22,3,1966,250000.0
1161,c,2,4,5,200,10,1,1966,250000.0
1162,p,5,5,5,200,37,43,1966,250000.0
1163,e,1,6,6,100,1,2,1966,250000.0
1164,c,0,7,6,100,1,16,1966,250000.0
1165,c,2,7,6,100,3,8,1966,250000.0
1166,c,3,7,6,100,14,23,1966,250000.0
1167,p,5,8,6,200,35,4,1966,250000.0
1168,p,4,8,6,200,5,7,1966,250000.0
1169,e,0,0,1,300,5,1,1967,250000.0
1170,e,1,0,1,300,41,9,1967,250000.0
1171,c,0,1,1,300,2,1,1967,250000.0
1172,c,1,1,1,300,1,14,1967,250000.0
1173,p,4,2,1,200,4,3,1967,250000.0
1174,e,0,3,5,200,1,10,1967,250000.0
1175,e,1,3,5,200,8,4,1967,250000.0
1176,c,0,4,5,200,14,1,1967,250000.0
1177,c,2,4,5,200,7,1,1967,250000.0
1178,p,5,5,5,200,31,38,1967,250000.0
1179,e,1,6,6,100,2,1,1967,250000.0
1180,c,0,7,6,100,1,18,1967,250000.0
1181,c,2,7,6,100,6,12,1967,250000.0
1182,c,3,7,6,100,10,20,1967,250000.0
1183,p,5,8,6,200,36,10,1967,250000.0
1184,p,4,8,6,200,3,4,1967,250000.0
1185,e,0,0,1,300,10,5,1968,250000.0
1186,e,1,0,1,300,46,5,1968,250000.0
1187,c,0,1,1,300,4,1,1968,250000.0
1188,c,1,1,1,300,1,13,1968,250000.0
1189,p,4,2,1,200,10,11,1968,250000.0
1190,e,0,3,5,200,1,12,1968,250000.0
1191,e,1,3,5,200,4,1,1968,250000.0
1192,c,0,4,5,200,14,1,1968,250000.0
1193,c,2,4,5,200,8,5,1968,250000.0
1194,p,5,5,5,200,29,38,1968,250000.0
1195,e,1,6,6,100,1,4,1968,250000.0
1196,c,0,7,6,100,6,16,1968,250000.0
1197,c,2,7,6,100,3,14,1968,250000.0
1198,c,3,7,6,100,8,26,1968,250000.0
1199,p,5,8,6,200,33,7,1968,250000.0
1200,p,4,8,6,200,9,4,1968,250000.0
1201,e,0,0,1,300,8,5,1969,250000.0
1202,e,1,0,1,300,51,12,1969,250000.0
1203,c,0,1,1,300,3,1,1969,250000.0
1204,c,1,1,1,300,1,15,1969,250000.0
1205,p,4,2,1,200,16,12,1969,250000.0
1206,e,0,3,5,200,3,12,1969,250000.0
1207,e,1,3,5,200,1,1,1969,250000.0
1208,c,0,4,5,200,17,6,1969,250000.0
1209,c,2,4,5,200,4,7,1969,250000.0
1210,p,5,5,5,200,30,34,1969,250000.0
1211,e,1,6,6,100,1,4,1969,250000.0
1212,c,0,7,6,100,3,17,1969,250000.0
1213,c,2,7,6,100,1,11,1969,250000.0
1214,c,3,7,6,100,12,32,1969,250000.0
1215,p,5,8,6,200,27,3,1969,250000.0
1216,p,4,8,6,200,3,5,1969,250000.0
1217,e,0,0,1,300,9,10,1970,250000.0
1218,e,1,0,1,300,49,5,1970,250000.0
1219,c,0,1,1,300,1,1,1970,250000.0
1220,c,1,1,1,300,1,13,1970,250000.0
1221,p,4,2,1,200,21,11,1970,250000.0
1222,e,0,3,5,200,6,13,1970,250000.0
1223,e,1,3,5,200,1,4,1970,250000.0
1224,c,0,4,5,200,22,10,1970,250000.0
1225,c,2,4,5,200,3,6,1970,250000.0
1226,p,5,5,5,200,34,39,1970,250000.0
1227,e,1,6,6,100,1,1,1970,250000.0
1228,c,0,7,6,100,1,22,1970,250000.0
1229,c,2,7,6,100,1,13,1970,250000.0
1230,c,3,7,6,100,10,29,1970,250000.0
1231,p,5,8,6,200,20,2,1970,250000.0
1232,p,4,8,6,200,5,10,1970,250000.0
1233,e,0,0,1,300,4,9,1971,250000.0
1234,e,1,0,1,300,52,8,1971,250000.0
1235,c,0,1,1,300,1,7,1971,250000.0
1236,c,1,1,1,300,1,12,1971,250000.0
1237,p,4,2,1,200,19,12,1971,250000.0
1238,e,0,3,5,200,7,19,1971,250000.0
1239,e,1,3,5,200,1,7,1971,250000.0
1240,c,0,4,5,200,21,7,1971,250000.0
1241,c,2,4,5,200,6,10,1971,250000.0
1242,p,5,5,5,200,38,46,1971,250000.0
1243,e,1,6,6,100,8,1,1971,250000.0
1244,c,0,7,6,100,5,27,1971,250000.0
1245,c,2,7,6,100,1,13,1971,250000.0
1246,c,3,7,6,100,13,33,1971,250000.0
1247,p,5,8,6,200,12,1,1971,250000.0
1248,p,4,8,6,200,1,9,1971,250000.0
1249,e,0,0,1,300,5,17,1972,250000.0
1250,e,1,0,1,300,53,8,1972,250000.0
1251,c,0,1,1,300,1,5,1972,250000.0
1252,c,1,1,1,300,3,13,1972,250000.0
1253,p,4,2,1,200,17,12,1972,250000.0
1254,e,0,3,5,200,1,17,1972,250000.0
1255,e,1,3,5,200,7,9,1972,250000.0
1256,c,0,4,5,200,23,6,1972,250000.0
1257,c,2,4,5,200,4,6,1972,250000.0
1258,p,5,5,5,200,35,42,1972,250000.0
1259,e,1,6,6,100,6,1,1972,250000.0
1260,c,0,7,6,100,5,27,1972,250000.0
1261,c,2,7,6,100,4,11,1972,250000.0
1262,c,3,7,6,100,5,34,1972,250000.0
1263,p,5,8,6,200,10,2,1972,250000.0
1264,p,4,8,6,200,1,9,1972,250000.0
1265,e,0,0,1,300,2,17,1973,250000.0
1266,e,1,0,1,300,57,11,1973,250000.0
1267,c,0,1,1,300,4,8,1973,250000.0
1268,c,1,1,1,300,3,14,1973,250000.0
1269,p,4,2,1,200,20,19,1973,250000.0
1270,e,0,3,5,200,1,18,1973,250000.0
1271,e,1,3,5,200,4,2,1973,250000.0
1272,c,0,4,5,200,29,12,1973,250000.0
1273,c,2,4,5,200,1,5,1973,250000.0
1274,p,5,5,5,200,39,41,1973,250000.0
1275,e,1,6,6,100,12,4,1973,250000.0
1276,c,0,7,6,100,6,28,1973,250000.0
1277,c,2,7,6,100,12,14,1973,250000.0
1278,c,3,7,6,100,9,33,1973,250000.0
1279,p,5,8,6,200,18,4,1973,250000.0
1280,p,4,8,6,200,1,8,1973,250000.0
1281,e,0,0,1,300,1,12,1974,250000.0
1282,e,1,0,1,300,63,16,1974,250000.0
1283,c,0,1,1,300,2,7,1974,250000.0
1284,c,1,1,1,300,4,17,1974,250000.0
1285,p,4,2,1,200,24,24,1974,250000.0
1286,e,0,3,5,200,1,20,1974,250000.0
1287,e,1,3,5,200,3,10,1974,250000.0
1288,c,0,4,5,200,26,10,1974,250000.0
1289,c,2,4,5,200,5,11,1974,250000.0
1290,p,5,5,5,200,32,36,1974,250000.0
1291,e,1,6,6,100,9,1,1974,250000.0
1292,c,0,7,6,100,10,35,1974,250000.0
1293,c,2,7,6,100,17,11,1974,250000.0
1294,c,3,7,6,100,3,31,1974,250000.0
1295,p,5,8,6,200,18,2,1974,250000.0
1296,p,4,8,6,200,1,11,1974,250000.0
1297,e,0,0,1,300,1,3,1975,250000.0
1298,e,1,0,1,300,62,14,1975,250000.0
1299,c,0,1,1,300,1,1,1975,250000.0
1300,c,1,1,1,300,6,19,1975,250000.0
1301,p,4,2,1,200,25,21,1975,250000.0
1302,e,0,3,5,200,1,17,1975,250000.0
1303,e,1,3,5,200,6,12,1975,250000.0
1304,c,0,4,5,200,20,8,1975,250000.0
1305,c,2,4,5,200,7,12,1975,250000.0
1306,p,5,5,5,200,31,39,1975,250000.0
1307,e,1,6,6,100,9,7,1975,250000.0
1308,c,0,7,6,100,11,31,1975,250000.0
1309,c,2,7,6,100,14,14,1975,250000.0
1310,c,3,7,6,100,7,31,1975,250000.0
1311,p,5,8,6,200,21,3,1975,250000.0
1312,p,4,8,6,200,1,3,1975,250000.0
1313,e,0,0,1,300,2,1,1976,250000.0
1314,e,1,0,1,300,57,9,1976,250000.0
1315,c,0,1,1,300,1,1,1976,250000.0
1316,c,1,1,1,300,8,26,1976,250000.0
1317,p,4,2,1,200,20,17,1976,250000.0
1318,e,0,3,5,200,5,24,1976,250000.0
1319,e,1,3,5,200,11,14,1976,250000.0
1320,c,0,4,5,200,23,3,1976,250000.0
1321,c,2,4,5,200,14,11,1976,250000.0
1322,p,5,5,5,200,31,38,1976,250000.0
1323,e,1,6,6,100,8,6,1976,250000.0
1324,c,0,7,6,100,12,29,1976,250000.0
1325,c,2,7,6,100,18,13,1976,250000.0
1326,c,3,7,6,100,1,22,1976,250000.0
1327,p,5,8,6,200,19,1,1976,250000.0
1328,p,4,8,6,200,5,3,1976,250000.0
1329,e,0,0,1,300,5,6,1977,250000.0
1330,e,1,0,1,300,58,8,1977,250000.0
1331,c,0,1,1,300,1,2,1977,250000.0
1332,c,1,1,1,300,15,33,1977,250000.0
1333,p,4,2,1,200,25,21,1977,250000.0
1334,e,0,3,5,200,5,26,1977,250000.0
1335,e,1,3,5,200,13,9,1977,250000.0
1336,c,0,4,5,200,19,3,1977,250000.0
1337,c,2,4,5,200,14,7,1977,250000.0
1338,p,5,5,5,200,28,37,1977,250000.0
1339,e,1,6,6,100,14,6,1977,250000.0
1340,c,0,7,6,100,6,30,1977,250000.0
1341,c,2,7,6,100,20,11,1977,250000.0
1342,c,3,7,6,100,4,22,1977,250000.0
1343,p,5,8,6,200,14,1,1977,250000.0
1344,p,4,8,6,200,4,1,1977,250000.0
1345,e,0,0,1,300,6,2,1978,250000.0
1346,e,1,0,1,300,56,6,1978,250000.0
1347,c,0,1,1,300,4,1,1978,250000.0
1348,c,1,1,1,300,14,36,1978,250000.0
1349,p,4,2,1,200,31,21,1978,250000.0
1350,e,0,3,5,200,11,30,1978,250000.0
1351,e,1,3,5,200,10,6,1978,250000.0
1352,c,0,4,5,200,16,1,1978,250000.0
1353,c,2,4,5,200,20,11,1978,250000.0
1354,p,5,5,5,200,25,39,1978,250000.0
1355,e,1,6,6,100,13,8,1978,250000.0
1356,c,0,7,6,100,3,32,1978,250000.0
1357,c,2,7,6,100,20,16,1978,250000.0
1358,c,3,7,6,100,2,19,1978,250000.0
1359,p,5,8,6,200,14,1,1978,250000.0
1360,p,4,8,6,200,2,1,1978,250000.0
1361,e,0,0,1,300,4,7,1979,250000.0
1362,e,1,0,1,300,52,9,1979,250000.0
1363,c,0,1,1,300,1,6,1979,250000.0
1364,c,1,1,1,300,10,31,1979,250000.0
1365,p,4,2,1,200,23,15,1979,250000.0
1366,e,0,3,5,200,11,24,1979,250000.0
1367,e,1,3,5,200,8,4,1979,250000.0
1368,c,0,4,5,200,15,2,1979,250000.0
1369,c,2,4,5,200,13,5,1979,250000.0
1370,p,5,5,5,200,28,44,1979,250000.0
1371,e,1,6,6,100,8,9,1979,250000.0
1372,c,0,7,6,100,3,32,1979,250000.0
1373,c,2,7,6,100,24,12,1979,250000.0
1374,c,3,7,6,100,4,17,1979,250000.0
1375,p,5,8,6,200,13,1,1979,250000.0
1376,p,4,8,6,200,5,2,1979,250000.0
1377,e,0,0,1,300,6,6,1980,250000.0
1378,e,1,0,1,300,53,4,1980,250000.0
1379,c,0,1,1,300,1,13,1980,250000.0
1380,c,1,1,1,300,5,28,1980,250000.0
1381,p,4,2,1,200,21,16,1980,250000.0
1382,e,0,3,5,200,7,21,1980,250000.0
1383,e,1,3,5,200,7,5,1980,250000.0
1384,c,0,4,5,200,6,1,1980,250000.0
1385,c,2,4,5,200,18,11,1980,250000.0
1386,p,5,5,5,200,28,43,1980,250000.0
1387,e,1,6,6,100,11,6,1980,250000.0
1388,c,0,7,6,100,6,39,1980,250000.0
1389,c,2,7,6,100,29,17,1980,250000.0
1390,c,3,7,6,100,7,18,1980,250000.0
1391,p,5,8,6,200,17,3,1980,250000.0
1392,p,4,8,6,200,1,1,1980,250000.0
1393,e,0,0,1,300,2,1,1981,250000.0
1394,e,1,0,1,300,53,5,1981,250000.0
1395,c,0,1,1,300,6,18,1981,250000.0
1396,c,1,1,1,300,3,32,1981,250000.0
1397,p,4,2,1,200,16,11,1981,250000.0
1398,e,0,3,5,200,11,18,1981,250000.0
1399,e,1,3,5,200,12,7,1981,250000.0
1400,c,0,4,5,200,6,2,1981,250000.0
1401,c,2,4,5,200,15,6,1981,250000.0
1402,p,5,5,5,200,22,42,1981,250000.0
1403,e,1,6,6,100,6,1,1981,250000.0
1404,c,0,7,6,100,1,31,1981,250000.0
1405,c,2,7,6,100,21,9,1981,250000.0
1406,c,3,7,6,100,3,20,1981,250000.0
1407,p,5,8,6,200,12,1,1981,250000.0
1408,p,4,8,6,200,1,5,1981,250000.0
1409,e,0,0,1,300,3,1,1982,250000.0
1410,e,1,0,1,300,56,11,1982,250000.0
1411,c,0,1,1,300,6,16,1982,250000.0
1412,c,1,1,1,300,1,29,1982,250000.0
1413,p,4,2,1,200,13,13,1982,250000.0
1414,e,0,3,5,200,5,13,1982,250000.0
1415,e,1,3,5,200,12,11,1982,250000.0
1416,c,0,4,5,200,12,2,1982,250000.0
1417,c,2,4,5,200,15,4,1982,250000.0
1418,p,5,5,5,200,23,42,1982,250000.0
1419,e,1,6,6,100,7,8,1982,250000.0
1420,c,0,7,6,100,8,38,1982,250000.0
1421,c,2,7,6,100,24,6,1982,250000.0
1422,c,3,7,6,100,2,14,1982,250000.0
1423,p,5,8,6,200,16,3,1982,250000.0
1424,p,4,8,6,200,4,11,1982,250000.0
1425,e,0,0,1,300,1,1,1983,250000.0
1426,e,1,0,1,300,53,5,1983,250000.0
1427,c,0,1,1,300,12,20,1983,250000.0
1428,c,1,1,1,300,3,31,1983,250000.0
1429,p,4,2,1,200,13,17,1983,250000.0
1430,e,0,3,5,200,2,11,1983,250000.0
1431,e,1,3,5,200,8,13,1983,250000.0
1432,c,0,4,5,200,13,6,1983,250000.0
1433,c,2,4,5,200,11,1,1983,250000.0
1434,p,5,5,5,200,28,42,1983,250000.0
1435,e,1,6,6,100,2,5,1983,250000.0
1436,c,0,7,6,100,15,42,1983,250000.0
1437,c,2,7,6,100,27,7,1983,250000.0
1438,c,3,7,6,100,1,15,1983,250000.0
1439,p,5,8,6,200,16,4,1983,250000.0
1440,p,4,8,6,200,1,11,1983,250000.0
1441,e,0,0,1,300,1,1,1984,250000.0
1442,e,1,0,1,300,47,1,1984,250000.0
1443,c,0,1,1,300,12,18,1984,250000.0
1444,c,1,1,1,300,1,28,1984,250000.0
1445,p,4,2,1,200,10,12,1984,250000.0
1446,e,0,3,5,200,4,14,1984,250000.0
1447,e,1,3,5,200,1,6,1984,250000.0
1448,c,0,4,5,200,20,12,1984,250000.0
1449,c,2,4,5,200,13,1,1984,250000.0
1450,p,5,5,5,200,29,44,1984,250000.0
1451,e,1,6,6,100,1,1,1984,250000.0
1452,c,0,7,6,100,17,43,1984,250000.0
1453,c,2,7,6,100,29,5,1984,250000.0
1454,c,3,7,6,100,1,8,1984,250000.0
1455,p,5,8,6,200,12,4,1984,250000.0
1456,p,4,8,6,200,3,13,1984,250000.0
1457,e,0,0,1,300,3,1,1985,250000.0
1458,e,1,0,1,300,46,1,1985,250000.0
1459,c,0,1,1,300,13,18,1985,250000.0
1460,c,1,1,1,300,1,28,1985,250000.0
1461,p,4,2,1,200,12,9,1985,250000.0
1462,e,0,3,5,200,9,20,1985,250000.0
1463,e,1,3,5,200,4,1,1985,250000.0
1464,c,0,4,5,200,25,11,1985,250000.0
1465,c,2,4,5,200,11,1,1985,250000.0
1466,p,5,5,5,200,28,41,1985,250000.0
1467,e,1,6,6,100,2,8,1985,250000.0
1468,c,0,7,6,100,17,40,1985,250000.0
1469,c,2,7,6,100,31,1,1985,250000.0
1470,c,3,7,6,100,1,12,1985,250000.0
1471,p,5,8,6,200,14,10,1985,250000.0
1472,p,4,8,6,200,3,10,1985,250000.0
1473,e,0,0,1,300,2,1,1986,250000.0
1474,e,1,0,1,300,43,1,1986,250000.0
1475,c,0,1,1,300,7,13,1986,250000.0
1476,c,1,1,1,300,1,31,1986,250000.0
1477,p,4,2,1,200,10,4,1986,250000.0
1478,e,0,3,5,200,6,16,1986,250000.0
1479,e,1,3,5,200,2,1,1986,250000.0
1480,c,0,4,5,200,33,19,1986,250000.0
1481,c,2,4,5,200,7,5,1986,250000.0
1482,p,5,5,5,200,28,35,1986,250000.0
1483,e,1,6,6,100,1,7,1986,250000.0
1484,c,0,7,6,100,12,35,1986,250000.0
1485,c,2,7,6,100,36,7,1986,250000.0
1486,c,3,7,6,100,1,4,1986,250000.0
1487,p,5,8,6,200,6,6,1986,250000.0
1488,p,4,8,6,200,4,16,1986,250000.0
1489,e,0,0,1,300,1,2,1987,250000.0
1490,e,1,0,1,300,38,1,1987,250000.0
1491,c,0,1,1,300,15,17,1987,250000.0
1492,c,1,1,1,300,1,26,1987,250000.0
1493,p,4,2,1,200,15,1,1987,250000.0
1494,e,0,3,5,200,1,16,1987,250000.0
1495,e,1,3,5,200,2,2,1987,250000.0
1496,c,0,4,5,200,32,26,1987,250000.0
1497,c,2,4,5,200,9,9,1987,250000.0
1498,p,5,5,5,200,25,37,1987,250000.0
1499,e,1,6,6,100,1,1,1987,250000.0
1500,c,0,7,6,100,6,36,1987,250000.0
1501,c,2,7,6,100,32,7,1987,250000.0
1502,c,3,7,6,100,3,11,1987,250000.0
1503,p,5,8,6,200,2,1,1987,250000.0
1504,p,4,8,6,200,4,11,1987,250000.0
1505,e,0,0,1,300,1,6,1988,250000.0
1506,e,1,0,1,300,31,1,1988,250000.0
1507,c,0,1,1,300,17,15,1988,250000.0
1508,c,1,1,1,300,1,24,1988,250000.0
1509,p,4,2,1,200,18,8,1988,250000.0
1510,e,0,3,5,200,1,11,1988,250000.0
1511,e,1,3,5,200,1,1,1988,250000.0
1512,c,0,4,5,200,27,22,1988,250000.0
1513,c,2,4,5,200,16,13,1988,250000.0
1514,p,5,5,5,200,32,38,1988,250000.0
1515,e,1,6,6,100,1,1,1988,250000.0
1516,c,0,7,6,100,5,34,1988,250000.0
1517,c,2,7,6,100,32,1,1988,250000.0
1518,c,3,7,6,100,1,6,1988,250000.0
1519,p,5,8,6,200,6,7,1988,250000.0
1520,p,4,8,6,200,6,11,1988,250000.0
1521,e,0,0,1,300,1,2,1989,250000.0
1522,e,1,0,1,300,34,1,1989,250000.0
1523,c,0,1,1,300,15,20,1989,250000.0
1524,c,1,1,1,300,1,18,1989,250000.0
1525,p,4,2,1,200,16,7,1989,250000.0
1526,e,0,3,5,200,1,15,1989,250000.0
1527,e,1,3,5,200,1,1,1989,250000.0
1528,c,0,4,5,200,29,27,1989,250000.0
1529,c,2,4,5,200,16,10,1989,250000.0
1530,p,5,5,5,200,34,33,1989,250000.0
1531,e,1,6,6,100,1,1,1989,250000.0
1532,c,0,7,6,100,3,32,1989,250000.0
1533,c,2,7,6,100,29,3,1989,250000.0
1534,c,3,7,6,100,1,1,1989,250000.0
1535,p,5,8,6,200,1,6,1989,250000.0
1536,p,4,8,6,200,3,14,1989,250000.0
1537,e,0,0,1,300,1,1,1990,250000.0
1538,e,1,0,1,300,29,1,1990,250000.0
1539,c,0,1,1,300,23,22,1990,250000.0
1540,c,1,1,1,300,7,18,1990,250000.0
1541,p,4,2,1,200,18,3,1990,250000.0
1542,e,0,3,5,200,1,12,1990,250000.0
1543,e,1,3,5,200,1,1,1990,250000.0
1544,c,0,4,5,200,30,34,1990,250000.0
1545,c,2,4,5,200,18,10,1990,250000.0
1546,p,5,5,5,200,31,35,1990,250000.0
1547,e,1,6,6,100,1,1,1990,250000.0
1548,c,0,7,6,100,1,25,1990,250000.0
1549,c,2,7,6,100,35,8,1990,250000.0
1550,c,3,7,6,100,4,4,1990,250000.0
1551,p,5,8,6,200,1,7,1990,250000.0
1552,p,4,8,6,200,1,14,1990,250000.0
1553,e,0,0,1,300,1,1,1991,250000.0
1554,e,1,0,1,300,28,1,1991,250000.0
1555,c,0,1,1,300,22,27,1991,250000.0
1556,c,1,1,1,300,11,21,1991,250000.0
1557,p,4,2,1,200,23,6,1991,250000.0
1558,e,0,3,5,200,4,9,1991,250000.0
1559,e,1,3,5,200,6,6,1991,250000.0
1560,c,0,4,5,200,31,34,1991,250000.0
1561,c,2,4,5,200,25,12,1991,250000.0
1562,p,5,5,5,200,32,31,1991,250000.0
1563,e,1,6,6,100,1,1,1991,250000.0
1564,c,0,7,6,100,1,24,1991,250000.0
1565,c,2,7,6,100,32,12,1991,250000.0
1566,c,3,7,6,100,1,3,1991,250000.0
1567,p,5,8,6,200,1,7,1991,250000.0
1568,p,4,8,6,200,1,18,1991,250000.0
1569,e,0,0,1,300,1,7,1992,250000.0
1570,e,1,0,1,300,30,1,1992,250000.0
1571,c,0,1,1,300,23,27,1992,250000.0
1572,c,1,1,1,300,11,21,1992,250000.0
1573,p,4,2,1,200,18,4,1992,250000.0
1574,e,0,3,5,200,4,6,1992,250000.0
1575,e,1,3,5,200,2,8,1992,250000.0
1576,c,0,4,5,200,31,34,1992,250000.0
1577,c,2,4,5,200,16,5,1992,250000.0
1578,p,5,5,5,200,32,24,1992,250000.0
1579,e,1,6,6,100,1,1,1992,250000.0
1580,c,0,7,6,100,1,19,1992,250000.0
1581,c,2,7,6,100,30,5,1992,250000.0
1582,c,3,7,6,100,1,1,1992,250000.0
1583,p,5,8,6,200,1,6,1992,250000.0
1584,p,4,8,6,200,1,20,1992,250000.0
1585,e,0,0,1,300,2,1,1993,250000.0
1586,e,1,0,1,300,30,9,1993,250000.0
1587,c,0,1,1,300,19,18,1993,250000.0
1588,c,1,1,1,300,7,18,1993,250000.0
1589,p,4,2,1,200,10,1,1993,250000.0
1590,e,0,3,5,200,6,8,1993,250000.0
1591,e,1,3,5,200,1,3,1993,250000.0
1592,c,0,4,5,200,35,32,1993,250000.0
1593,c,2,4,5,200,15,1,1993,250000.0
1594,p,5,5,5,200,30,21,1993,250000.0
1595,e,1,6,6,100,1,1,1993,250000.0
1596,c,0,7,6,100,3,17,1993,250000.0
1597,c,2,7,6,100,26,5,1993,250000.0
1598,c,3,7,6,100,1,6,1993,250000.0
1599,p,5,8,6,200,1,9,1993,250000.0
1600,p,4,8,6,200,6,16,1993,250000.0
1601,e,0,0,1,300,3,1,1994,250000.0
1602,e,1,0,1,300,26,8,1994,250000.0
1603,c,0,1,1,300,17,18,1994,250000.0
1604,c,1,1,1,300,3,14,1994,250000.0
1605,p,4,2,1,200,18,6,1994,250000.0
1606,e,0,3,5,200,1,6,1994,250000.0
1607,e,1,3,5,200,4,2,1994,250000.0
1608,c,0,4,5,200,38,36,1994,250000.0
1609,c,2,4,5,200,10,1,1994,250000.0
1610,p,5,5,5,200,34,24,1994,250000.0
1611,e,1,6,6,100,1,3,1994,250000.0
1612,c,0,7,6,100,2,19,1994,250000.0
1613,c,2,7,6,100,23,4,1994,250000.0
1614,c,3,7,6,100,1,2,1994,250000.0
1615,p,5,8,6,200,1,5,1994,250000.0
1616,p,4,8,6,200,6,9,1994,250000.0
1617,e,0,0,1,300,1,3,1995,250000.0
1618,e,1,0,1,300,26,10,1995,250000.0
1619,c,0,1,1,300,13,17,1995,250000.0
1620,c,1,1,1,300,1,14,1995,250000.0
1621,p,4,2,1,200,20,1,1995,250000.0
1622,e,0,3,5,200,1,1,1995,250000.0
1623,e,1,3,5,200,4,1,1995,250000.0
1624,c,0,4,5,200,35,32,1995,250000.0
1625,c,2,4,5,200,14,5,1995,250000.0
1626,p,5,5,5,200,37,25,1995,250000.0
1627,e,1,6,6,100,1,1,1995,250000.0
1628,c,0,7,6,100,1,15,1995,250000.0
1629,c,2,7,6,100,23,8,1995,250000.0
1630,c,3,7,6,100,4,1,1995,250000.0
1631,p,5,8,6,200,6,4,1995,250000.0
1632,p,4,8,6,200,2,2,1995,250000.0
1633,e,0,0,1,300,3,2,1996,250000.0
1634,e,1,0,1,300,26,4,1996,250000.0
1635,c,0,1,1,300,11,22,1996,250000.0
1636,c,1,1,1,300,1,22,1996,250000.0
1637,p,4,2,1,200,20,3,1996,250000.0
1638,e,0,3,5,200,6,3,1996,250000.0
1639,e,1,3,5,200,8,1,1996,250000.0
1640,c,0,4,5,200,34,37,1996,250000.0
1641,c,2,4,5,200,15,1,1996,250000.0
1642,p,5,5,5,200,35,26,1996,250000.0
1643,e,1,6,6,100,1,1,1996,250000.0
1644,c,0,7,6,100,1,12,1996,250000.0
1645,c,2,7,6,100,24,11,1996,250000.0
1646,c,3,7,6,100,1,3,1996,250000.0
1647,p,5,8,6,200,12,3,1996,250000.0
1648,p,4,8,6,200,1,1,1996,250000.0
1649,e,0,0,1,300,1,1,1997,250000.0
1650,e,1,0,1,300,26,6,1997,250000.0
1651,c,0,1,1,300,10,20,1997,250000.0
1652,c,1,1,1,300,1,14,1997,250000.0
1653,p,4,2,1,200,16,1,1997,250000.0
1654,e,0,3,5,200,8,2,1997,250000.0
1655,e,1,3,5,200,3,1,1997,250000.0
1656,c,0,4,5,200,29,34,1997,250000.0
1657,c,2,4,5,200,19,4,1997,250000.0
1658,p,5,5,5,200,28,18,1997,250000.0
1659,e,1,6,6,100,1,1,1997,250000.0
1660,c,0,7,6,100,1,12,1997,250000.0
1661,c,2,7,6,100,26,10,1997,250000.0
1662,c,3,7,6,100,2,5,1997,250000.0
1663,p,5,8,6,200,10,8,1997,250000.0
1664,p,4,8,6,200,1,1,1997,250000.0
1665,e,0,0,1,300,1,1,1998,250000.0
1666,e,1,0,1,300,29,14,1998,250000.0
1667,c,0,1,1,300,11,19,1998,250000.0
1668,c,1,1,1,300,3,12,1998,250000.0
1669,p,4,2,1,200,16,1,1998,250000.0
1670,e,0,3,5,200,7,6,1998,250000.0
1671,e,1,3,5,200,8,6,1998,250000.0
1672,c,0,4,5,200,36,42,1998,250000.0
1673,c,2,4,5,200,17,3,1998,250000.0
1674,p,5,5,5,200,33,20,1998,250000.0
1675,e,1,6,6,100,3,2,1998,250000.0
1676,c,0,7,6,100,1,14,1998,250000.0
1677,c,2,7,6,100,24,6,1998,250000.0
1678,c,3,7,6,100,1,4,1998,250000.0
1679,p,5,8,6,200,8,14,1998,250000.0
1680,p,4,8,6,200,1,1,1998,250000.0
1681,e,0,0,1,300,5,5,1999,250000.0
1682,e,1,0,1,300,29,8,1999,250000.0
1683,c,0,1,1,300,9,16,1999,250000.0
1684,c,1,1,1,300,1,8,1999,250000.0
1685,p,4,2,1,200,12,1,1999,250000.0
1686,e,0,3,5,200,1,6,1999,250000.0
1687,e,1,3,5,200,3,7,1999,250000.0
1688,c,0,4,5,200,33,38,1999,250000.0
1689,c,2,4,5,200,20,11,1999,250000.0
1690,p,5,5,5,200,39,22,1999,250000.0
1691,e,1,6,6,100,2,1,1999,250000.0
1692,c,0,7,6,100,1,13,1999,250000.0
1693,c,2,7,6,100,31,4,1999,250000.0
1694,c,3,7,6,100,6,8,1999,250000.0
1695,p,5,8,6,200,12,20,1999,250000.0
1696,p,4,8,6,200,2,2,1999,250000.0
1697,e,0,0,1,300,7,3,2000,250000.0
1698,e,1,0,1,300,27,10,2000,250000.0
1699,c,0,1,1,300,7,11,2000,250000.0
1700,c,1,1,1,300,6,13,2000,250000.0
1701,p,4,2,1,200,5,1,2000,250000.0
1702,e,0,3,5,200,4,1,2000,250000.0
1703,e,1,3,5,200,10,12,2000,250000.0
1704,c,0,4,5,200,38,36,2000,250000.0
1705,c,2,4,5,200,22,11,2000,250000.0
1706,p,5,5,5,200,43,27,2000,250000.0
1707,e,1,6,6,100,3,7,2000,250000.0
1708,c,0,7,6,100,7,18,2000,250000.0
1709,c,2,7,6,100,29,10,2000,250000.0
1710,c,3,7,6,100,8,12,2000,250000.0
1711,p,5,8,6,200,14,19,2000,250000.0
1712,p,4,8,6,200,5,1,2000,250000.0
1713,e,0,0,1,300,8,1,2001,250000.0
1714,e,1,0,1,300,23,4,2001,250000.0
1715,c,0,1,1,300,6,16,2001,250000.0
1716,c,1,1,1,300,6,16,2001,250000.0
1717,p,4,2,1,200,1,1,2001,250000.0
1718,e,0,3,5,200,1,1,2001,250000.0
1719,e,1,3,5,200,8,16,2001,250000.0
1720,c,0,4,5,200,38,38,2001,250000.0
1721,c,2,4,5,200,26,11,2001,250000.0
1722,p,5,5,5,200,46,26,2001,250000.0
1723,e,1,6,6,100,5,7,2001,250000.0
1724,c,0,7,6,100,9,21,2001,250000.0
1725,c,2,7,6,100,31,15,2001,250000.0
1726,c,3,7,6,100,9,17,2001,250000.0
1727,p,5,8,6,200,11,14,2001,250000.0
1728,p,4,8,6,200,2,1,2001,250000.0
1729,e,0,0,1,300,7,1,2002,250000.0
1730,e,1,0,1,300,25,1,2002,250000.0
1731,c,0,1,1,300,7,9,2002,250000.0
1732,c,1,1,1,300,3,19,2002,250000.0
1733,p,4,2,1,200,1,1,2002,250000.0
1734,e,0,3,5,200,2,7,2002,250000.0
1735,e,1,3,5,200,7,18,2002,250000.0
1736,c,0,4,5,200,41,40,2002,250000.0
1737,c,2,4,5,200,20,12,2002,250000.0
1738,p,5,5,5,200,44,22,2002,250000.0
1739,e,1,6,6,100,3,9,2002,250000.0
1740,c,0,7,6,100,2,17,2002,250000.0
1741,c,2,7,6,100,24,11,2002,250000.0
1742,c,3,7,6,100,6,14,2002,250000.0
1743,p,5,8,6,200,6,8,2002,250000.0
1744,p,4,8,6,200,1,1,2002,250000.0
1745,e,0,0,1,300,9,7,2003,250000.0
1746,e,1,0,1,300,19,1,2003,250000.0
1747,c,0,1,1,300,3,8,2003,250000.0
1748,c,1,1,1,300,2,19,2003,250000.0
1749,p,4,2,1,200,5,6,2003,250000.0
1750,e,0,3,5,200,1,8,2003,250000.0
1751,e,1,3,5,200,13,24,2003,250000.0
1752,c,0,4,5,200,40,39,2003,250000.0
1753,c,2,4,5,200,12,12,2003,250000.0
1754,p,5,5,5,200,45,16,2003,250000.0
1755,e,1,6,6,100,1,6,2003,250000.0
1756,c,0,7,6,100,1,17,2003,250000.0
1757,c,2,7,6,100,23,12,2003,250000.0
1758,c,3,7,6,100,12,20,2003,250000.0
1759,p,5,8,6,200,5,2,2003,250000.0
1760,p,4,8,6,200,6,2,2003,250000.0
1761,e,0,0,1,300,8,9,2004,250000.0
1762,e,1,0,1,300,10,1,2004,250000.0
1763,c,0,1,1,300,9,10,2004,250000.0
1764,c,1,1,1,300,3,19,2004,250000.0
1765,p,4,2,1,200,7,7,2004,250000.0
1766,e,0,3,5,200,9,11,2004,250000.0
1767,e,1,3,5,200,7,19,2004,250000.0
1768,c,0,4,5,200,36,40,2004,250000.0
1769,c,2,4,5,200,14,12,2004,250000.0
1770,p,5,5,5,200,39,9,2004,250000.0
1771,e,1,6,6,100,3,5,2004,250000.0
1772,c,0,7,6,100,2,12,2004,250000.0
1773,c,2,7,6,100,24,19,2004,250000.0
1774,c,3,7,6,100,13,20,2004,250000.0
1775,p,5,8,6,200,8,2,2004,250000.0
1776,p,4,8,6,200,10,1,2004,250000.0
1777,e,0,0,1,300,5,8,2005,250000.0
1778,e,1,0,1,300,2,1,2005,250000.0
1779,c,0,1,1,300,11,9,2005,250000.0
1780,c,1,1,1,300,1,17,2005,250000.0
1781,p,4,2,1,200,1,3,2005,250000.0
1782,e,0,3,5,200,3,5,2005,250000.0
1783,e,1,3,5,200,1,19,2005,250000.0
1784,c,0,4,5,200,36,35,2005,250000.0
1785,c,2,4,5,200,14,11,2005,250000.0
1786,p,5,5,5,200,41,8,2005,250000.0
1787,e,1,6,6,100,1,1,2005,250000.0
1788,c,0,7,6,100,1,7,2005,250000.0
1789,c,2,7,6,100,16,14,2005,250000.0
1790,c,3,7,6,100,10,16,2005,250000.0
1791,p,5,8,6,200,6,1,2005,250000.0
1792,p,4,8,6,200,10,1,2005,250000.0
1793,e,0,0,1,300,6,5,2006,250000.0
1794,e,1,0,1,300,1,1,2006,250000.0
1795,c,0,1,1,300,5,5,2006,250000.0
1796,c,1,1,1,300,2,17,2006,250000.0
1797,p,4,2,1,200,4,8,2006,250000.0
1798,e,0,3,5,200,1,11,2006,250000.0
1799,e,1,3,5,200,1,19,2006,250000.0
1800,c,0,4,5,200,39,39,2006,250000.0
1801,c,2,4,5,200,15,11,2006,250000.0
1802,p,5,5,5,200,33,6,2006,250000.0
1803,e,1,6,6,100,2,1,2006,250000.0
1804,c,0,7,6,100,1,13,2006,250000.0
1805,c,2,7,6,100,18,11,2006,250000.0
1806,c,3,7,6,100,14,18,2006,250000.0
1807,p,5,8,6,200,5,8,2006,250000.0
1808,p,4,8,6,200,12,1,2006,250000.0
1809,e,0,0,1,300,5,5,2007,250000.0
1810,e,1,0,1,300,1,1,2007,250000.0
1811,c,0,1,1,300,8,9,2007,250000.0
1812,c,1,1,1,300,9,22,2007,250000.0
1813,p,4,2,1,200,1,1,2007,250000.0
1814,e,0,3,5,200,8,9,2007,250000.0
1815,e,1,3,5,200,1,16,2007,250000.0
1816,c,0,4,5,200,35,37,2007,250000.0
1817,c,2,4,5,200,14,6,2007,250000.0
1818,p,5,5,5,200,32,9,2007,250000.0
1819,e,1,6,6,100,5,9,2007,250000.0
1820,c,0,7,6,100,1,10,2007,250000.0
1821,c,2,7,6,100,11,4,2007,250000.0
1822,c,3,7,6,100,16,21,2007,250000.0
1823,p,5,8,6,200,1,4,2007,250000.0
1824,p,4,8,6,200,12,1,2007,250000.0
1825,e,0,0,1,300,4,1,2008,250000.0
1826,e,1,0,1,300,1,1,2008,250000.0
1827,c,0,1,1,300,5,9,2008,250000.0
1828,c,1,1,1,300,9,20,2008,250000.0
1829,p,4,2,1,200,5,4,2008,250000.0
1830,e,0,3,5,200,14,12,2008,250000.0
1831,e,1,3,5,200,1,17,2008,250000.0
1832,c,0,4,5,200,39,41,2008,250000.0
1833,c,2,4,5,200,11,6,2008,250000.0
1834,p,5,5,5,200,32,13,2008,250000.0
1835,e,1,6,6,100,1,6,2008,250000.0
1836,c,0,7,6,100,1,9,2008,250000.0
1837,c,2,7,6,100,9,10,2008,250000.0
1838,c,3,7,6,100,14,15,2008,250000.0
1839,p,5,8,6,200,7,7,2008,250000.0
1840,p,4,8,6,200,13,2,2008,250000.0
1841,e,0,0,1,300,5,1,2009,250000.0
1842,e,1,0,1,300,4,3,2009,250000.0
1843,c,0,1,1,300,11,16,2009,250000.0
1844,c,1,1,1,300,12,24,2009,250000.0
1845,p,4,2,1,200,1,1,2009,250000.0
1846,e,0,3,5,200,9,14,2009,250000.0
1847,e,1,3,5,200,1,16,2009,250000.0
1848,c,0,4,5,200,37,35,2009,250000.0
1849,c,2,4,5,200,7,2,2009,250000.0
1850,p,5,5,5,200,35,10,2009,250000.0
1851,e,1,6,6,100,1,3,2009,250000.0
1852,c,0,7,6,100,1,9,2009,250000.0
1853,c,2,7,6,100,1,2,2009,250000.0
1854,c,3,7,6,100,10,16,2009,250000.0
1855,p,5,8,6,200,1,1,2009,250000.0
1856,p,4,8,6,200,9,1,2009,250000.0
1857,e,0,0,1,300,7,2,2010,250000.0
1858,e,1,0,1,300,2,1,2010,250000.0
1859,c,0,1,1,300,3,10,2010,250000.0
1860,c,1,1,1,300,8,27,2010,250000.0
1861,p,4,2,1,200,1,6,2010,250000.0
1862,e,0,3,5,200,12,14,2010,250000.0
1863,e,1,3,5,200,2,15,2010,250000.0
1864,c,0,4,5,200,37,34,2010,250000.0
1865,c,2,4,5,200,6,5,2010,250000.0
1866,p,5,5,5,200,32,8,2010,250000.0
1867,e,1,6,6,100,8,2,2010,250000.0
1868,c,0,7,6,100,3,8,2010,250000.0
1869,c,2,7,6,100,1,6,2010,250000.0
1870,c,3,7,6,100,9,11,2010,250000.0
1871,p,5,8,6,200,6,6,2010,250000.0
1872,p,4,8,6,200,2,1,2010,250000.0
1873,e,0,0,1,300,9,1,2011,250000.0
1874,e,1,0,1,300,1,6,2011,250000.0
1875,c,0,1,1,300,4,5,2011,250000.0
1876,c,1,1,1,300,10,32,2011,250000.0
1877,p,4,2,1,200,4,11,2011,250000.0
1878,e,0,3,5,200,14,15,2011,250000.0
1879,e,1,3,5,200,1,9,2011,250000.0
1880,c,0,4,5,200,35,28,2011,250000.0
1881,c,2,4,5,200,3,6,2011,250000.0
1882,p,5,5,5,200,39,7,2011,250000.0
1883,e,1,6,6,100,4,1,2011,250000.0
1884,c,0,7,6,100,1,1,2011,250000.0
1885,c,2,7,6,100,1,2,2011,250000.0
1886,c,3,7,6,100,8,6,2011,250000.0
1887,p,5,8,6,200,1,6,2011,250000.0
1888,p,4,8,6,200,2,2,2011,250000.0
1889,e,0,0,1,300,8,1,2012,250000.0
1890,e,1,0,1,300,1,1,2012,250000.0
1891,c,0,1,1,300,6,1,2012,250000.0
1892,c,1,1,1,300,5,33,2012,250000.0
1893,p,4,2,1,200,11,14,2012,250000.0
1894,e,0,3,5,200,6,11,2012,250000.0
1895,e,1,3,5,200,2,3,2012,250000.0
1896,c,0,4,5,200,36,34,2012,250000.0
1897,c,2,4,5,200,6,3,2012,250000.0
1898,p,5,5,5,200,39,4,2012,250000.0
1899,e,1,6,6,100,9,1,2012,250000.0
1900,c,0,7,6,100,1,1,2012,250000.0
1901,c,2,7,6,100,1,1,2012,250000.0
1902,c,3,7,6,100,7,3,2012,250000.0
1903,p,5,8,6,200,3,7,2012,250000.0
1904,p,4,8,6,200,5,7,2012,250000.0
1905,e,0,0,1,300,6,4,2013,250000.0
1906,e,1,0,1,300,7,8,2013,250000.0
1907,c,0,1,1,300,3,4,2013,250000.0
1908,c,1,1,1,300,5,36,2013,250000.0
1909,p,4,2,1,200,10,16,2013,250000.0
1910,e,0,3,5,200,8,9,2013,250000.0
1911,e,1,3,5,200,1,4,2013,250000.0
1912,c,0,4,5,200,38,31,2013,250000.0
1913,c,2,4,5,200,1,1,2013,250000.0
1914,p,5,5,5,200,38,4,2013,250000.0
1915,e,1,6,6,100,8,3,2013,250000.0
1916,c,0,7,6,100,1,6,2013,250000.0
1917,c,2,7,6,100,1,1,2013,250000.0
1918,c,3,7,6,100,1,1,2013,250000.0
1919,p,5,8,6,200,1,3,2013,250000.0
1920,p,4,8,6,200,10,12,2013,250000.0
1921,e,0,0,1,300,3,2,2014,250000.0
1922,e,1,0,1,300,7,7,2014,250000.0
1923,c,0,1,1,300,3,6,2014,250000.0
1924,c,1,1,1,300,6,32,2014,250000.0
1925,p,4,2,1,200,9,19,2014,250000.0
1926,e,0,3,5,200,5,9,2014,250000.0
1927,e,1,3,5,200,1,1,2014,250000.0
1928,c,0,4,5,200,42,33,2014,250000.0
1929,c,2,4,5,200,3,2,2014,250000.0
1930,p,5,5,5,200,43,5,2014,250000.0
1931,e,1,6,6,100,1,1,2014,250000.0
1932,c,0,7,6,100,1,8,2014,250000.0
1933,c,2,7,6,100,1,4,2014,250000.0
1934,c,3,7,6,100,1,3,2014,250000.0
1935,p,5,8,6,200,1,1,2014,250000.0
1936,p,4,8,6,200,10,16,2014,250000.0
1937,e,0,0,1,300,7,2,2015,250000.0
1938,e,1,0,1,300,6,8,2015,250000.0
1939,c,0,1,1,300,2,10,2015,250000.0
1940,c,1,1,1,300,1,34,2015,250000.0
1941,p,4,2,1,200,12,14,2015,250000.0
1942,e,0,3,5,200,3,16,2015,250000.0
1943,e,1,3,5,200,1,1,2015,250000.0
1944,c,0,4,5,200,44,29,2015,250000.0
1945,c,2,4,5,200,7,1,2015,250000.0
1946,p,5,5,5,200,39,1,2015,250000.0
1947,e,1,6,6,100,1,1,2015,250000.0
1948,c,0,7,6,100,1,4,2015,250000.0
1949,c,2,7,6,100,4,1,2015,250000.0
1950,c,3,7,6,100,1,3,2015,250000.0
1951,p,5,8,6,200,3,1,2015,250000.0
1952,p,4,8,6,200,3,15,2015,250000.0
1953,e,0,0,1,300,7,3,2016,250000.0
1954,e,1,0,1,300,3,9,2016,250000.0
1955,c,0,1,1,300,3,17,2016,250000.0
1956,c,1,1,1,300,1,30,2016,250000.0
1957,p,4,2,1,200,16,17,2016,250000.0
1958,e,0,3,5,200,7,14,2016,250000.0
1959,e,1,3,5,200,6,2,2016,250000.0
1960,c,0,4,5,200,47,25,2016,250000.0
1961,c,2,4,5,200,1,1,2016,250000.0
1962,p,5,5,5,200,45,1,2016,250000.0
1963,e,1,6,6,100,1,6,2016,250000.0
1964,c,0,7,6,100,1,4,2016,250000.0
1965,c,2,7,6,100,5,1,2016,250000.0
1966,c,3,7,6,100,1,3,2016,250000.0
1967,p,5,8,6,200,5,2,2016,250000.0
1968,p,4,8,6,200,4,22,2016,250000.0
1969,e,0,0,1,300,9,1,2017,250000.0
1970,e,1,0,1,300,9,9,2017,250000.0
1971,c,0,1,1,300,3,15,2017,250000.0
1972,c,1,1,1,300,3,32,2017,250000.0
1973,p,4,2,1,200,15,11,2017,250000.0
1974,e,0,3,5,200,13,15,2017,250000.0
1975,e,1,3,5,200,8,1,2017,250000.0
1976,c,0,4,5,200,39,21,2017,250000.0
1977,c,2,4,5,200,5,2,2017,250000.0
1978,p,5,5,5,200,40,2,2017,250000.0
1979,e,1,6,6,100,4,8,2017,250000.0
1980,c,0,7,6,100,1,1,2017,250000.0
1981,c,2,7,6,100,1,1,2017,250000.0
1982,c,3,7,6,100,1,4,2017,250000.0
1983,p,5,8,6,200,2,1,2017,250000.0
1984,p,4,8,6,200,7,22,2017,250000.0
1985,e,0,0,1,300,10,1,2018,250000.0
1986,e,1,0,1,300,13,5,2018,250000.0
1987,c,0,1,1,300,6,13,2018,250000.0
1988,c,1,1,1,300,1,25,2018,250000.0
1989,p,4,2,1,200,13,11,2018,250000.0
1990,e,0,3,5,200,10,9,2018,250000.0
1991,e,1,3,5,200,11,1,2018,250000.0
1992,c,0,4,5,200,42,21,2018,250000.0
1993,c,2,4,5,200,10,10,2018,250000.0
1994,p,5,5,5,200,33,1,2018,250000.0
1995,e,1,6,6,100,5,6,2018,250000.0
1996,c,0,7,6,100,1,1,2018,250000.0
1997,c,2,7,6,100,4,1,2018,250000.0
1998,c,3,7,6,100,1,7,2018,250000.0
1999,p,5,8,6,200,2,9,2018,250000.0
2000,p,4,8,6,200,9,27,2018,250000.0
2001,e,0,0,1,300,9,5,2019,250000.0
2002,e,1,0,1,300,9,2,2019,250000.0
2003,c,0,1,1,300,8,19,2019,250000.0
2004,c,1,1,1,300,1,21,2019,250000.0
2005,p,4,2,1,200,13,11,2019,250000.0
2006,e,0,3,5,200,11,12,2019,250000.0
2007,e,1,3,5,200,4,1,2019,250000.0
2008,c,0,4,5,200,46,19,2019,250000.0
2009,c,2,4,5,200,7,11,2019,250000.0
2010,p,5,5,5,200,37,7,2019,250000.0
2011,e,1,6,6,100,10,4,2019,250000.0
2012,c,0,7,6,100,9,2,2019,250000.0
2013,c,2,7,6,100,1,1,2019,250000.0
2014,c,3,7,6,100,2,3,2019,250000.0
2015,p,5,8,6,200,1,12,2019,250000.0
2016,p,4,8,6,200,5,24,2019,250000.0
2017,e,0,0,1,300,9,4,2020,250000.0
2018,e,1,0,1,300,9,4,2020,250000.0
2019,c,0,1,1,300,8,20,2020,250000.0
2020,c,1,1,1,300,5,19,2020,250000.0
2021,p,4,2,1,200,12,7,2020,250000.0
2022,e,0,3,5,200,6,9,2020,250000.0
2023,e,1,3,5,200,8,4,2020,250000.0
2024,c,0,4,5,200,43,19,2020,250000.0
2025,c,2,4,5,200,4,4,2020,250000.0
2026,p,5,5,5,200,35,14,2020,250000.0
2027,e,1,6,6,100,9,3,2020,250000.0
2028,c,0,7,6,100,7,1,2020,250000.0
2029,c,2,7,6,100,1,1,2020,250000.0
2030,c,3,7,6,100,1,1,2020,250000.0
2031,p,5,8,6,200,1,12,2020,250000.0
2032,p,4,8,6,200,2,25,2020,250000.0
2033,e,0,0,1,300,7,3,2021,250000.0
2034,e,1,0,1,300,13,2,2021,250000.0
2035,c,0,1,1,300,1,15,2021,250000.0
2036,c,1,1,1,300,1,14,2021,250000.0
2037,p,4,2,1,200,13,7,2021,250000.0
2038,e,0,3,5,200,12,12,2021,250000.0
2039,e,1,3,5,200,15,6,2021,250000.0
2040,c,0,4,5,200,41,24,2021,250000.0
2041,c,2,4,5,200,10,4,2021,250000.0
2042,p,5,5,5,200,38,13,2021,250000.0
2043,e,1,6,6,100,5,2,2021,250000.0
2044,c,0,7,6,100,6,1,2021,250000.0
2045,c,2,7,6,100,1,1,2021,250000.0
2046,c,3,7,6,100,1,6,2021,250000.0
2047,p,5,8,6,200,1,13,2021,250000.0
2048,p,4,8,6,200,5,24,2021,250000.0
2049,e,0,0,1,300,10,1,2022,250000.0
2050,e,1,0,1,300,12,1,2022,250000.0
2051,c,0,1,1,300,1,10,2022,250000.0
2052,c,1,1,1,300,5,11,2022,250000.0
2053,p,4,2,1,200,13,1,2022,250000.0
2054,e,0,3,5,200,16,17,2022,250000.0
2055,e,1,3,5,200,12,2,2022,250000.0
2056,c,0,4,5,200,32,20,2022,250000.0
2057,c,2,4,5,200,15,10,2022,250000.0
2058,p,5,5,5,200,34,11,2022,250000.0
2059,e,1,6,6,100,4,1,2022,250000.0
2060,c,0,7,6,100,3,1,2022,250000.0
2061,c,2,7,6,100,2,1,2022,250000.0
2062,c,3,7,6,100,7,7,2022,250000.0
2063,p,5,8,6,200,1,7,2022,250000.0
2064,p,4,8,6,200,5,17,2022,250000.0
2065,e,0,0,1,300,7,1,2023,250000.0
2066,e,1,0,1,300,7,1,2023,250000.0
2067,c,0,1,1,300,2,7,2023,250000.0
2068,c,1,1,1,300,1,11,2023,250000.0
2069,p,4,2,1,200,9,2,2023,250000.0
2070,e,0,3,5,200,14,11,2023,250000.0
2071,e,1,3,5,200,8,1,2023,250000.0
2072,c,0,4,5,200,33,17,2023,250000.0
2073,c,2,4,5,200,16,13,2023,250000.0
2074,p,5,5,5,200,35,10,2023,250000.0
2075,e,1,6,6,100,7,4,2023,250000.0
2076,c,0,7,6,100,5,1,2023,250000.0
2077,c,2,7,6,100,1,1,2023,250000.0
2078,c,3,7,6,100,11,8,2023,250000.0
2079,p,5,8,6,200,1,6,2023,250000.0
2080,p,4,8,6,200,5,14,2023,250000.0
2081,e,0,0,1,300,4,1,2024,250000.0
2082,e,1,0,1,300,7,2,2024,250000.0
2083,c,0,1,1,300,6,7,2024,250000.0
2084,c,1,1,1,300,1,7,2024,250000.0
2085,p,4,2,1,200,5,1,2024,250000.0
2086,e,0,3,5,200,14,14,2024,250000.0
2087,e,1,3,5,200,10,1,2024,250000.0
2088,c,0,4,5,200,32,17,2024,250000.0
2089,c,2,4,5,200,13,13,2024,250000.0
2090,p,5,5,5,200,38,9,2024,250000.0
2091,e,1,6,6,100,1,4,2024,250000.0
2092,c,0,7,6,100,6,3,2024,250000.0
2093,c,2,7,6,100,1,1,2024,250000.0
2094,c,3,7,6,100,7,6,2024,250000.0
2095,p,5,8,6,200,3,8,2024,250000.0
2096,p,4,8,6,200,8,15,2024,250000.0
2097,e,0,0,1,300,1,2,2025,250000.0
2098,e,1,0,1,300,1,1,2025,250000.0
2099,c,0,1,1,300,7,9,2025,250000.0
2100,c,1,1,1,300,1,6,2025,250000.0
2101,p,4,2,1,200,9,4,2025,250000.0
2102,e,0,3,5,200,13,14,2025,250000.0
2103,e,1,3,5,200,12,1,2025,250000.0
2104,c,0,4,5,200,24,14,2025,250000.0
2105,c,2,4,5,200,13,21,2025,250000.0
2106,p,5,5,5,200,38,14,2025,250000.0
2107,e,1,6,6,100,1,7,2025,250000.0
2108,c,0,7,6,100,1,3,2025,250000.0
2109,c,2,7,6,100,3,1,2025,250000.0
2110,c,3,7,6,100,6,7,2025,250000.0
2111,p,5,8,6,200,3,13,2025,250000.0
2112,p,4,8,6,200,3,7,2025,250000.0
