seriesId,teamId,manufacturerId,partType,startYear,endYear,cost
1,1,0,e,1894,1898,250000
1,2,1,e,1894,1895,250000
1,3,1,e,1894,1895,250000
1,4,1,e,1894,1895,250000
1,5,1,e,1894,1895,250000
1,1,1,c,1894,1897,250000
1,2,0,c,1894,1894,250000
1,3,0,c,1894,1897,250000
1,4,1,c,1894,1896,250000
1,5,1,c,1894,1898,250000
1,1,4,p,1894,1895,250000
1,2,4,p,1894,1894,250000
1,3,4,p,1894,1895,250000
1,4,4,p,1894,1898,250000
1,5,4,p,1894,1894,250000
5,6,0,e,1894,1894,250000
5,7,0,e,1894,1898,250000
5,8,0,e,1894,1896,250000
5,9,0,e,1894,1895,250000
5,10,0,e,1894,1894,250000
5,6,0,c,1894,1897,250000
5,7,0,c,1894,1894,250000
5,8,2,c,1894,1898,250000
5,9,2,c,1894,1896,250000
5,10,2,c,1894,1898,250000
5,6,5,p,1894,1898,250000
5,7,5,p,1894,1894,250000
5,8,5,p,1894,1895,250000
5,9,5,p,1894,1896,250000
5,10,5,p,1894,1895,250000
6,11,1,e,1894,1898,250000
6,12,1,e,1894,1895,250000
6,13,1,e,1894,1896,250000
6,14,1,e,1894,1897,250000
6,15,1,e,1894,1895,250000
6,0,1,e,1894,1897,250000
6,16,1,e,1894,1898,250000
6,17,1,e,1894,1895,250000
6,18,1,e,1894,1894,250000
6,19,1,e,1894,1894,250000
6,11,0,c,1894,1895,250000
6,12,3,c,1894,1894,250000
6,13,3,c,1894,1894,250000
6,14,2,c,1894,1897,250000
6,15,3,c,1894,1897,250000
6,0,2,c,1894,1896,250000
6,16,0,c,1894,1897,250000
6,17,0,c,1894,1898,250000
6,18,3,c,1894,1898,250000
6,19,3,c,1894,1894,250000
6,11,5,p,1894,1895,250000
6,12,5,p,1894,1894,250000
6,13,5,p,1894,1897,250000
6,14,5,p,1894,1896,250000
6,15,5,p,1894,1898,250000
6,0,4,p,1894,1898,250000
6,16,5,p,1894,1897,250000
6,17,5,p,1894,1896,250000
6,18,4,p,1894,1895,250000
6,19,5,p,1894,1896,250000
1,2,1,c,1895,1898,250000
1,2,4,p,1895,1898,250000
1,5,4,p,1895,1898,250000
5,6,1,e,1895,1898,250000
5,10,1,e,1895,1899,250000
5,7,0,c,1895,1895,250000
5,7,5,p,1895,1899,250000
6,18,1,e,1895,1896,250000
6,19,1,e,1895,1895,250000
6,12,2,c,1895,1898,250000
6,13,2,c,1895,1896,250000
6,19,3,c,1895,1897,250000
6,12,4,p,1895,1898,250000
1,2,1,e,1896,1900,250000
1,3,1,e,1896,1900,250000
1,4,0,e,1896,1898,250000
1,5,0,e,1896,1897,250000
1,1,4,p,1896,1899,250000
1,3,4,p,1896,1898,250000
5,9,1,e,1896,1898,250000
5,7,2,c,1896,1896,250000
5,8,5,p,1896,1896,250000
5,10,5,p,1896,1900,250000
6,12,1,e,1896,1899,250000
6,15,1,e,1896,1900,250000
6,17,1,e,1896,1898,250000
6,19,1,e,1896,1898,250000
6,11,0,c,1896,1900,250000
6,11,4,p,1896,1896,250000
6,18,4,p,1896,1899,250000
1,4,0,c,1897,1897,250000
5,8,1,e,1897,1899,250000
5,7,0,c,1897,1898,250000
5,9,2,c,1897,1900,250000
5,8,5,p,1897,1901,250000
5,9,5,p,1897,1898,250000
6,13,1,e,1897,1897,250000
6,18,1,e,1897,1898,250000
6,13,2,c,1897,1898,250000
6,0,3,c,1897,1901,250000
6,11,5,p,1897,1898,250000
6,14,5,p,1897,1900,250000
6,17,4,p,1897,1897,250000
6,19,5,p,1897,1897,250000
1,5,0,e,1898,1898,250000
1,1,1,c,1898,1900,250000
1,3,1,c,1898,1901,250000
1,4,1,c,1898,1898,250000
5,6,0,c,1898,1901,250000
6,13,1,e,1898,1898,250000
6,14,1,e,1898,1900,250000
6,0,1,e,1898,1901,250000
6,14,3,c,1898,1899,250000
6,15,3,c,1898,1901,250000
6,16,0,c,1898,1898,250000
6,19,2,c,1898,1900,250000
6,13,5,p,1898,1902,250000
6,16,5,p,1898,1898,250000
6,17,4,p,1898,1898,250000
6,19,5,p,1898,1900,250000
1,1,0,e,1899,1901,250000
1,4,0,e,1899,1901,250000
1,5,1,e,1899,1899,250000
1,2,1,c,1899,1901,250000
1,4,1,c,1899,1901,250000
1,5,0,c,1899,1899,250000
1,2,4,p,1899,1899,250000
1,3,4,p,1899,1899,250000
1,4,4,p,1899,1899,250000
1,5,4,p,1899,1900,250000
5,6,0,e,1899,1902,250000
5,7,0,e,1899,1902,250000
5,9,0,e,1899,1901,250000
5,7,2,c,1899,1900,250000
5,8,2,c,1899,1902,250000
5,10,2,c,1899,1901,250000
5,6,5,p,1899,1903,250000
5,9,5,p,1899,1899,250000
6,11,1,e,1899,1901,250000
6,13,1,e,1899,1900,250000
6,16,1,e,1899,1901,250000
6,17,1,e,1899,1903,250000
6,18,1,e,1899,1901,250000
6,19,1,e,1899,1903,250000
6,12,0,c,1899,1902,250000
6,13,0,c,1899,1901,250000
6,16,0,c,1899,1902,250000
6,17,2,c,1899,1900,250000
6,18,0,c,1899,1900,250000
6,11,4,p,1899,1902,250000
6,12,5,p,1899,1899,250000
6,15,5,p,1899,1903,250000
6,0,4,p,1899,1900,250000
6,16,4,p,1899,1899,250000
6,17,4,p,1899,1901,250000
1,5,0,e,1900,1900,250000
1,5,1,c,1900,1901,250000
1,1,4,p,1900,1903,250000
1,2,4,p,1900,1900,250000
1,3,4,p,1900,1900,250000
1,4,4,p,1900,1904,250000
5,8,0,e,1900,1902,250000
5,10,1,e,1900,1901,250000
5,7,5,p,1900,1902,250000
5,9,5,p,1900,1903,250000
6,12,1,e,1900,1901,250000
6,14,0,c,1900,1902,250000
6,12,5,p,1900,1901,250000
6,16,4,p,1900,1900,250000
6,18,5,p,1900,1901,250000
1,2,0,e,1901,1901,250000
1,3,1,e,1901,1905,250000
1,5,0,e,1901,1905,250000
1,1,0,c,1901,1903,250000
1,2,4,p,1901,1905,250000
1,3,4,p,1901,1902,250000
1,5,4,p,1901,1905,250000
5,7,0,c,1901,1902,250000
5,9,0,c,1901,1905,250000
5,10,5,p,1901,1904,250000
6,13,1,e,1901,1905,250000
6,14,1,e,1901,1905,250000
6,15,1,e,1901,1903,250000
6,11,0,c,1901,1905,250000
6,17,0,c,1901,1901,250000
6,18,3,c,1901,1904,250000
6,19,3,c,1901,1904,250000
6,14,4,p,1901,1901,250000
6,0,5,p,1901,1904,250000
6,16,5,p,1901,1905,250000
6,19,5,p,1901,1901,250000
1,1,1,e,1902,1904,250000
1,2,0,e,1902,1905,250000
1,4,1,e,1902,1904,250000
1,2,0,c,1902,1902,250000
1,3,1,c,1902,1906,250000
1,4,0,c,1902,1906,250000
1,5,0,c,1902,1902,250000
5,9,1,e,1902,1906,250000
5,10,1,e,1902,1906,250000
5,6,2,c,1902,1903,250000
5,10,2,c,1902,1906,250000
5,8,5,p,1902,1906,250000
6,11,1,e,1902,1904,250000
6,12,1,e,1902,1906,250000
6,0,1,e,1902,1905,250000
6,16,1,e,1902,1906,250000
6,18,1,e,1902,1904,250000
6,13,2,c,1902,1905,250000
6,15,3,c,1902,1906,250000
6,0,0,c,1902,1904,250000
6,17,3,c,1902,1902,250000
6,12,4,p,1902,1903,250000
6,14,4,p,1902,1904,250000
6,17,4,p,1902,1902,250000
6,18,5,p,1902,1906,250000
6,19,4,p,1902,1902,250000
1,2,1,c,1903,1905,250000
1,5,0,c,1903,1904,250000
1,3,4,p,1903,1905,250000
5,6,1,e,1903,1906,250000
5,7,1,e,1903,1905,250000
5,8,0,e,1903,1905,250000
5,7,0,c,1903,1904,250000
5,8,2,c,1903,1903,250000
5,7,5,p,1903,1906,250000
6,12,0,c,1903,1903,250000
6,14,2,c,1903,1907,250000
6,16,3,c,1903,1903,250000
6,17,0,c,1903,1907,250000
6,11,4,p,1903,1904,250000
6,13,5,p,1903,1907,250000
6,17,4,p,1903,1907,250000
6,19,4,p,1903,1904,250000
1,1,0,c,1904,1908,250000
1,1,4,p,1904,1906,250000
5,6,0,c,1904,1907,250000
5,8,0,c,1904,1907,250000
5,6,5,p,1904,1904,250000
5,9,5,p,1904,1906,250000
6,15,1,e,1904,1905,250000
6,17,1,e,1904,1907,250000
6,19,1,e,1904,1908,250000
6,12,3,c,1904,1908,250000
6,16,0,c,1904,1904,250000
6,12,5,p,1904,1904,250000
6,15,4,p,1904,1906,250000
1,1,0,e,1905,1906,250000
1,4,0,e,1905,1906,250000
1,5,1,c,1905,1906,250000
1,4,4,p,1905,1909,250000
5,7,0,c,1905,1905,250000
5,6,5,p,1905,1905,250000
5,10,5,p,1905,1906,250000
6,11,1,e,1905,1905,250000
6,18,1,e,1905,1909,250000
6,0,0,c,1905,1906,250000
6,16,3,c,1905,1909,250000
6,18,2,c,1905,1906,250000
6,19,3,c,1905,1909,250000
6,11,5,p,1905,1908,250000
6,12,4,p,1905,1906,250000
6,14,4,p,1905,1906,250000
6,0,5,p,1905,1908,250000
6,19,5,p,1905,1907,250000
1,2,0,e,1906,1906,250000
1,3,1,e,1906,1910,250000
1,5,1,e,1906,1910,250000
1,2,0,c,1906,1906,250000
1,2,4,p,1906,1908,250000
1,3,4,p,1906,1910,250000
1,5,4,p,1906,1909,250000
5,7,1,e,1906,1908,250000
5,8,0,e,1906,1906,250000
5,7,0,c,1906,1910,250000
5,9,0,c,1906,1907,250000
5,6,5,p,1906,1907,250000
6,11,1,e,1906,1907,250000
6,13,1,e,1906,1908,250000
6,14,1,e,1906,1906,250000
6,15,1,e,1906,1909,250000
6,0,1,e,1906,1907,250000
6,11,3,c,1906,1906,250000
6,13,0,c,1906,1909,250000
6,16,5,p,1906,1908,250000
1,1,1,e,1907,1908,250000
1,2,0,e,1907,1911,250000
1,4,0,e,1907,1908,250000
1,2,0,c,1907,1908,250000
1,3,0,c,1907,1908,250000
1,4,1,c,1907,1908,250000
1,5,1,c,1907,1909,250000
1,1,4,p,1907,1908,250000
5,6,1,e,1907,1907,250000
5,8,1,e,1907,1911,250000
5,9,1,e,1907,1908,250000
5,10,0,e,1907,1908,250000
5,10,2,c,1907,1908,250000
5,7,5,p,1907,1908,250000
5,8,5,p,1907,1908,250000
5,9,5,p,1907,1910,250000
5,10,5,p,1907,1907,250000
6,12,1,e,1907,1908,250000
6,14,1,e,1907,1908,250000
6,16,1,e,1907,1907,250000
6,11,3,c,1907,1911,250000
6,15,2,c,1907,1907,250000
6,0,0,c,1907,1907,250000
6,18,0,c,1907,1908,250000
6,12,4,p,1907,1908,250000
6,14,5,p,1907,1908,250000
6,15,4,p,1907,1907,250000
6,18,4,p,1907,1911,250000
5,6,1,e,1908,1910,250000
5,6,0,c,1908,1908,250000
5,8,2,c,1908,1910,250000
5,9,2,c,1908,1910,250000
5,6,5,p,1908,1912,250000
5,10,5,p,1908,1911,250000
6,11,1,e,1908,1909,250000
6,0,1,e,1908,1908,250000
6,16,1,e,1908,1909,250000
6,17,1,e,1908,1908,250000
6,14,2,c,1908,1909,250000
6,15,0,c,1908,1912,250000
6,0,0,c,1908,1911,250000
6,17,3,c,1908,1912,250000
6,13,4,p,1908,1911,250000
6,15,5,p,1908,1909,250000
6,17,5,p,1908,1908,250000
6,19,5,p,1908,1910,250000
1,1,0,e,1909,1911,250000
1,4,1,e,1909,1910,250000
1,1,1,c,1909,1911,250000
1,2,0,c,1909,1910,250000
1,3,0,c,1909,1909,250000
1,4,1,c,1909,1913,250000
1,1,4,p,1909,1912,250000
1,2,4,p,1909,1912,250000
5,7,0,e,1909,1910,250000
5,9,1,e,1909,1912,250000
5,10,1,e,1909,1911,250000
5,6,2,c,1909,1913,250000
5,10,0,c,1909,1909,250000
5,7,5,p,1909,1909,250000
5,8,5,p,1909,1912,250000
6,12,1,e,1909,1910,250000
6,13,1,e,1909,1912,250000
6,14,1,e,1909,1913,250000
6,0,1,e,1909,1913,250000
6,17,1,e,1909,1913,250000
6,19,1,e,1909,1909,250000
6,12,0,c,1909,1910,250000
6,18,2,c,1909,1909,250000
6,11,4,p,1909,1912,250000
6,12,4,p,1909,1912,250000
6,14,5,p,1909,1910,250000
6,0,4,p,1909,1911,250000
6,16,4,p,1909,1913,250000
6,17,5,p,1909,1910,250000
1,3,1,c,1910,1911,250000
1,5,1,c,1910,1914,250000
1,4,4,p,1910,1911,250000
1,5,4,p,1910,1913,250000
5,10,2,c,1910,1910,250000
5,7,5,p,1910,1912,250000
6,11,1,e,1910,1910,250000
6,15,1,e,1910,1912,250000
6,16,1,e,1910,1913,250000
6,18,1,e,1910,1914,250000
6,19,1,e,1910,1913,250000
6,13,0,c,1910,1911,250000
6,14,0,c,1910,1911,250000
6,16,2,c,1910,1912,250000
6,18,0,c,1910,1913,250000
6,19,0,c,1910,1911,250000
6,15,4,p,1910,1912,250000
1,3,1,e,1911,1914,250000
1,4,1,e,1911,1914,250000
1,5,0,e,1911,1914,250000
1,2,1,c,1911,1915,250000
1,3,4,p,1911,1914,250000
5,6,0,e,1911,1911,250000
5,7,0,e,1911,1914,250000
5,7,2,c,1911,1914,250000
5,8,2,c,1911,1914,250000
5,9,0,c,1911,1911,250000
5,10,2,c,1911,1912,250000
5,9,5,p,1911,1912,250000
6,11,1,e,1911,1914,250000
6,12,1,e,1911,1911,250000
6,12,3,c,1911,1913,250000
6,14,5,p,1911,1912,250000
6,17,4,p,1911,1915,250000
6,19,5,p,1911,1914,250000
1,1,1,e,1912,1916,250000
1,2,0,e,1912,1916,250000
1,1,0,c,1912,1915,250000
1,3,1,c,1912,1913,250000
1,4,4,p,1912,1915,250000
5,6,1,e,1912,1912,250000
5,8,1,e,1912,1914,250000
5,10,1,e,1912,1915,250000
5,9,2,c,1912,1915,250000
5,10,5,p,1912,1915,250000
6,12,1,e,1912,1916,250000
6,11,2,c,1912,1912,250000
6,13,0,c,1912,1914,250000
6,14,3,c,1912,1915,250000
6,0,2,c,1912,1914,250000
6,19,0,c,1912,1915,250000
6,13,5,p,1912,1913,250000
6,0,4,p,1912,1915,250000
6,18,4,p,1912,1915,250000
1,1,4,p,1913,1916,250000
1,2,4,p,1913,1913,250000
5,6,0,e,1913,1917,250000
5,9,0,e,1913,1917,250000
5,10,2,c,1913,1915,250000
5,6,5,p,1913,1916,250000
5,7,5,p,1913,1916,250000
5,8,5,p,1913,1914,250000
5,9,5,p,1913,1917,250000
6,13,1,e,1913,1913,250000
6,15,1,e,1913,1913,250000
6,11,0,c,1913,1916,250000
6,15,0,c,1913,1915,250000
6,16,0,c,1913,1913,250000
6,17,2,c,1913,1916,250000
6,11,5,p,1913,1914,250000
6,12,4,p,1913,1914,250000
6,14,4,p,1913,1917,250000
6,15,4,p,1913,1916,250000
1,3,1,c,1914,1918,250000
1,4,0,c,1914,1918,250000
1,2,4,p,1914,1914,250000
1,5,4,p,1914,1916,250000
5,6,2,c,1914,1917,250000
6,13,1,e,1914,1917,250000
6,14,1,e,1914,1917,250000
6,15,1,e,1914,1916,250000
6,0,1,e,1914,1916,250000
6,16,1,e,1914,1914,250000
6,17,1,e,1914,1918,250000
6,19,1,e,1914,1917,250000
6,12,2,c,1914,1918,250000
6,16,0,c,1914,1916,250000
6,18,0,c,1914,1914,250000
6,13,5,p,1914,1914,250000
6,16,4,p,1914,1917,250000
1,3,1,e,1915,1918,250000
1,4,1,e,1915,1915,250000
1,5,0,e,1915,1919,250000
1,5,1,c,1915,1915,250000
1,2,4,p,1915,1915,250000
1,3,4,p,1915,1917,250000
5,7,0,e,1915,1917,250000
5,8,1,e,1915,1916,250000
5,7,0,c,1915,1915,250000
5,8,0,c,1915,1919,250000
5,8,5,p,1915,1916,250000
6,11,1,e,1915,1919,250000
6,16,1,e,1915,1918,250000
6,18,1,e,1915,1917,250000
6,13,0,c,1915,1916,250000
6,0,2,c,1915,1915,250000
6,18,3,c,1915,1919,250000
6,11,5,p,1915,1918,250000
6,12,5,p,1915,1917,250000
6,13,4,p,1915,1915,250000
6,19,4,p,1915,1918,250000
1,4,0,e,1916,1917,250000
1,1,0,c,1916,1917,250000
1,2,0,c,1916,1919,250000
1,5,0,c,1916,1917,250000
1,2,4,p,1916,1917,250000
1,4,4,p,1916,1918,250000
5,10,1,e,1916,1916,250000
5,7,0,c,1916,1919,250000
5,9,2,c,1916,1917,250000
5,10,2,c,1916,1917,250000
5,10,5,p,1916,1919,250000
6,14,0,c,1916,1916,250000
6,15,3,c,1916,1919,250000
6,0,0,c,1916,1917,250000
6,19,3,c,1916,1916,250000
6,13,5,p,1916,1918,250000
6,0,5,p,1916,1919,250000
6,17,4,p,1916,1920,250000
6,18,4,p,1916,1918,250000
1,1,0,e,1917,1919,250000
1,2,0,e,1917,1920,250000
1,1,4,p,1917,1917,250000
1,5,4,p,1917,1921,250000
5,8,1,e,1917,1919,250000
5,10,1,e,1917,1921,250000
5,6,5,p,1917,1919,250000
5,7,5,p,1917,1921,250000
5,8,5,p,1917,1921,250000
6,12,1,e,1917,1921,250000
6,15,1,e,1917,1920,250000
6,0,1,e,1917,1917,250000
6,11,2,c,1917,1918,250000
6,13,2,c,1917,1918,250000
6,14,3,c,1917,1921,250000
6,16,2,c,1917,1918,250000
6,17,0,c,1917,1919,250000
6,19,2,c,1917,1918,250000
6,15,4,p,1917,1918,250000
1,4,0,e,1918,1922,250000
1,1,0,c,1918,1918,250000
1,5,0,c,1918,1921,250000
1,1,4,p,1918,1921,250000
1,2,4,p,1918,1921,250000
1,3,4,p,1918,1918,250000
5,6,1,e,1918,1921,250000
5,7,1,e,1918,1922,250000
5,9,1,e,1918,1920,250000
5,6,0,c,1918,1919,250000
5,9,2,c,1918,1922,250000
5,10,0,c,1918,1920,250000
5,9,5,p,1918,1921,250000
6,13,1,e,1918,1921,250000
6,14,1,e,1918,1922,250000
6,0,1,e,1918,1920,250000
6,18,1,e,1918,1919,250000
6,19,1,e,1918,1918,250000
6,0,3,c,1918,1919,250000
6,12,4,p,1918,1920,250000
6,14,4,p,1918,1921,250000
6,16,4,p,1918,1920,250000
1,3,0,e,1919,1919,250000
1,1,1,c,1919,1919,250000
1,3,0,c,1919,1919,250000
1,4,1,c,1919,1921,250000
1,3,4,p,1919,1921,250000
1,4,4,p,1919,1920,250000
6,16,1,e,1919,1921,250000
6,17,1,e,1919,1920,250000
6,19,1,e,1919,1922,250000
6,11,3,c,1919,1919,250000
6,12,3,c,1919,1920,250000
6,13,0,c,1919,1921,250000
6,16,0,c,1919,1922,250000
6,19,2,c,1919,1920,250000
6,11,5,p,1919,1922,250000
6,13,4,p,1919,1919,250000
6,15,5,p,1919,1921,250000
6,18,5,p,1919,1923,250000
6,19,4,p,1919,1920,250000
1,1,0,e,1920,1922,250000
1,3,1,e,1920,1924,250000
1,5,0,e,1920,1923,250000
1,1,0,c,1920,1921,250000
1,2,0,c,1920,1923,250000
1,3,1,c,1920,1922,250000
5,8,0,e,1920,1922,250000
5,6,2,c,1920,1922,250000
5,7,2,c,1920,1923,250000
5,8,2,c,1920,1924,250000
5,6,5,p,1920,1921,250000
5,10,5,p,1920,1924,250000
6,11,1,e,1920,1923,250000
6,18,1,e,1920,1922,250000
6,11,0,c,1920,1921,250000
6,15,3,c,1920,1923,250000
6,0,2,c,1920,1921,250000
6,17,2,c,1920,1923,250000
6,18,3,c,1920,1921,250000
6,13,5,p,1920,1923,250000
6,0,4,p,1920,1920,250000
1,2,0,e,1921,1925,250000
1,4,4,p,1921,1923,250000
5,9,1,e,1921,1925,250000
5,10,2,c,1921,1925,250000
6,15,1,e,1921,1925,250000
6,0,1,e,1921,1925,250000
6,17,1,e,1921,1921,250000
6,12,0,c,1921,1925,250000
6,19,3,c,1921,1923,250000
6,12,4,p,1921,1923,250000
6,0,4,p,1921,1923,250000
6,16,5,p,1921,1924,250000
6,17,4,p,1921,1924,250000
6,19,5,p,1921,1922,250000
1,1,1,c,1922,1924,250000
1,4,1,c,1922,1922,250000
1,5,1,c,1922,1924,250000
1,1,4,p,1922,1922,250000
1,2,4,p,1922,1924,250000
1,3,4,p,1922,1922,250000
1,5,4,p,1922,1924,250000
5,6,1,e,1922,1923,250000
5,10,1,e,1922,1925,250000
5,6,5,p,1922,1924,250000
5,7,5,p,1922,1925,250000
5,8,5,p,1922,1924,250000
5,9,5,p,1922,1926,250000
6,12,1,e,1922,1926,250000
6,13,1,e,1922,1924,250000
6,16,1,e,1922,1924,250000
6,17,1,e,1922,1925,250000
6,11,0,c,1922,1923,250000
6,13,3,c,1922,1922,250000
6,14,2,c,1922,1924,250000
6,0,2,c,1922,1926,250000
6,18,0,c,1922,1926,250000
6,14,4,p,1922,1924,250000
6,15,5,p,1922,1922,250000
1,1,1,e,1923,1924,250000
1,4,1,e,1923,1925,250000
1,3,0,c,1923,1923,250000
1,4,1,c,1923,1923,250000
1,1,4,p,1923,1926,250000
1,3,4,p,1923,1926,250000
5,7,0,e,1923,1925,250000
5,8,1,e,1923,1927,250000
5,6,0,c,1923,1924,250000
5,9,0,c,1923,1926,250000
6,14,1,e,1923,1923,250000
6,18,1,e,1923,1923,250000
6,19,1,e,1923,1927,250000
6,13,3,c,1923,1923,250000
6,16,3,c,1923,1927,250000
6,11,5,p,1923,1925,250000
6,15,4,p,1923,1926,250000
6,19,5,p,1923,1923,250000
1,5,1,e,1924,1924,250000
1,2,1,c,1924,1924,250000
1,3,0,c,1924,1928,250000
1,4,0,c,1924,1924,250000
1,4,4,p,1924,1928,250000
5,6,1,e,1924,1924,250000
5,7,2,c,1924,1926,250000
6,11,1,e,1924,1925,250000
6,14,1,e,1924,1928,250000
6,18,1,e,1924,1928,250000
6,11,2,c,1924,1926,250000
6,13,2,c,1924,1924,250000
6,15,3,c,1924,1925,250000
6,17,2,c,1924,1926,250000
6,19,2,c,1924,1927,250000
6,12,5,p,1924,1927,250000
6,13,5,p,1924,1924,250000
6,0,4,p,1924,1927,250000
6,18,5,p,1924,1926,250000
6,19,5,p,1924,1924,250000
1,1,0,e,1925,1926,250000
1,3,1,e,1925,1926,250000
1,5,0,e,1925,1925,250000
1,1,0,c,1925,1925,250000
1,2,1,c,1925,1927,250000
1,4,0,c,1925,1925,250000
1,5,0,c,1925,1926,250000
1,2,4,p,1925,1927,250000
1,5,4,p,1925,1929,250000
5,6,1,e,1925,1925,250000
5,6,2,c,1925,1928,250000
5,8,0,c,1925,1929,250000
5,6,5,p,1925,1927,250000
5,8,5,p,1925,1929,250000
5,10,5,p,1925,1928,250000
6,13,1,e,1925,1929,250000
6,16,1,e,1925,1925,250000
6,13,0,c,1925,1928,250000
6,14,3,c,1925,1925,250000
6,13,5,p,1925,1928,250000
6,14,4,p,1925,1926,250000
6,16,4,p,1925,1926,250000
6,17,5,p,1925,1925,250000
6,19,4,p,1925,1929,250000
1,2,0,e,1926,1926,250000
1,4,0,e,1926,1927,250000
1,5,0,e,1926,1928,250000
1,1,0,c,1926,1926,250000
1,4,0,c,1926,1927,250000
5,6,1,e,1926,1927,250000
5,7,1,e,1926,1927,250000
5,9,0,e,1926,1930,250000
5,10,1,e,1926,1930,250000
5,10,2,c,1926,1926,250000
5,7,5,p,1926,1929,250000
6,11,1,e,1926,1930,250000
6,15,1,e,1926,1929,250000
6,0,1,e,1926,1928,250000
6,16,1,e,1926,1926,250000
6,17,1,e,1926,1930,250000
6,12,0,c,1926,1926,250000
6,14,2,c,1926,1930,250000
6,15,3,c,1926,1926,250000
6,11,5,p,1926,1926,250000
6,17,5,p,1926,1929,250000
1,1,1,e,1927,1927,250000
1,2,1,e,1927,1929,250000
1,3,0,e,1927,1927,250000
1,1,1,c,1927,1929,250000
1,5,1,c,1927,1929,250000
1,1,4,p,1927,1928,250000
1,3,4,p,1927,1930,250000
5,7,2,c,1927,1928,250000
5,9,2,c,1927,1930,250000
5,10,2,c,1927,1930,250000
5,9,5,p,1927,1929,250000
6,12,1,e,1927,1929,250000
6,16,1,e,1927,1930,250000
6,11,3,c,1927,1930,250000
6,12,0,c,1927,1930,250000
6,15,3,c,1927,1930,250000
6,0,0,c,1927,1927,250000
6,17,2,c,1927,1927,250000
6,18,3,c,1927,1929,250000
6,11,4,p,1927,1931,250000
6,14,5,p,1927,1931,250000
6,15,5,p,1927,1927,250000
6,16,4,p,1927,1928,250000
6,18,5,p,1927,1928,250000
1,1,0,e,1928,1931,250000
1,3,0,e,1928,1932,250000
1,4,0,e,1928,1929,250000
1,2,0,c,1928,1929,250000
1,4,0,c,1928,1928,250000
1,2,4,p,1928,1929,250000
5,6,1,e,1928,1930,250000
5,7,0,e,1928,1928,250000
5,8,0,e,1928,1931,250000
5,6,5,p,1928,1931,250000
6,19,1,e,1928,1930,250000
6,0,0,c,1928,1932,250000
6,16,0,c,1928,1932,250000
6,17,3,c,1928,1930,250000
6,19,3,c,1928,1928,250000
6,12,5,p,1928,1931,250000
6,15,5,p,1928,1929,250000
6,0,4,p,1928,1931,250000
1,5,0,e,1929,1933,250000
1,3,0,c,1929,1933,250000
1,4,1,c,1929,1929,250000
1,1,4,p,1929,1930,250000
1,4,4,p,1929,1930,250000
5,7,1,e,1929,1930,250000
5,6,2,c,1929,1931,250000
5,7,2,c,1929,1930,250000
5,10,5,p,1929,1933,250000
6,14,1,e,1929,1933,250000
6,0,1,e,1929,1932,250000
6,18,1,e,1929,1930,250000
6,13,3,c,1929,1929,250000
6,19,0,c,1929,1932,250000
6,13,4,p,1929,1929,250000
6,16,4,p,1929,1931,250000
6,18,4,p,1929,1930,250000
1,2,1,e,1930,1932,250000
1,4,0,e,1930,1930,250000
1,1,0,c,1930,1932,250000
1,2,0,c,1930,1932,250000
1,4,0,c,1930,1930,250000
1,5,1,c,1930,1932,250000
1,2,4,p,1930,1930,250000
1,5,4,p,1930,1932,250000
5,8,2,c,1930,1930,250000
5,7,5,p,1930,1930,250000
5,8,5,p,1930,1934,250000
5,9,5,p,1930,1934,250000
6,12,1,e,1930,1931,250000
6,13,1,e,1930,1931,250000
6,15,1,e,1930,1932,250000
6,13,3,c,1930,1932,250000
6,18,2,c,1930,1932,250000
6,13,4,p,1930,1933,250000
6,15,4,p,1930,1933,250000
6,17,4,p,1930,1931,250000
6,19,4,p,1930,1931,250000
1,4,1,e,1931,1933,250000
1,4,1,c,1931,1934,250000
1,1,4,p,1931,1934,250000
1,2,4,p,1931,1932,250000
1,3,4,p,1931,1934,250000
1,4,4,p,1931,1932,250000
5,6,0,e,1931,1933,250000
5,7,0,e,1931,1934,250000
5,9,1,e,1931,1932,250000
5,10,0,e,1931,1933,250000
5,7,0,c,1931,1932,250000
5,8,0,c,1931,1932,250000
5,9,0,c,1931,1932,250000
5,10,2,c,1931,1935,250000
5,7,5,p,1931,1931,250000
6,11,1,e,1931,1931,250000
6,16,1,e,1931,1931,250000
6,17,1,e,1931,1931,250000
6,18,1,e,1931,1934,250000
6,19,1,e,1931,1934,250000
6,11,2,c,1931,1933,250000
6,12,2,c,1931,1935,250000
6,14,2,c,1931,1935,250000
6,15,3,c,1931,1933,250000
6,17,0,c,1931,1932,250000
6,18,5,p,1931,1935,250000
1,1,1,e,1932,1936,250000
5,8,0,e,1932,1933,250000
5,6,0,c,1932,1936,250000
5,6,5,p,1932,1933,250000
5,7,5,p,1932,1934,250000
6,11,1,e,1932,1933,250000
6,12,1,e,1932,1935,250000
6,13,1,e,1932,1933,250000
6,16,1,e,1932,1932,250000
6,17,1,e,1932,1934,250000
6,11,4,p,1932,1936,250000
6,12,4,p,1932,1933,250000
6,14,5,p,1932,1935,250000
6,0,5,p,1932,1936,250000
6,16,4,p,1932,1936,250000
6,17,5,p,1932,1936,250000
6,19,5,p,1932,1936,250000
1,2,1,e,1933,1935,250000
1,3,0,e,1933,1935,250000
1,1,0,c,1933,1936,250000
1,2,0,c,1933,1937,250000
1,5,0,c,1933,1933,250000
1,2,4,p,1933,1933,250000
1,4,4,p,1933,1933,250000
1,5,4,p,1933,1936,250000
5,9,1,e,1933,1937,250000
5,7,2,c,1933,1936,250000
5,8,2,c,1933,1935,250000
5,9,2,c,1933,1935,250000
6,15,1,e,1933,1937,250000
6,0,1,e,1933,1937,250000
6,16,1,e,1933,1937,250000
6,13,3,c,1933,1934,250000
6,0,3,c,1933,1936,250000
6,16,3,c,1933,1933,250000
6,17,2,c,1933,1937,250000
6,18,2,c,1933,1934,250000
6,19,3,c,1933,1936,250000
1,4,1,e,1934,1937,250000
1,5,1,e,1934,1938,250000
1,3,0,c,1934,1934,250000
1,5,0,c,1934,1935,250000
1,2,4,p,1934,1938,250000
1,4,4,p,1934,1935,250000
5,6,1,e,1934,1938,250000
5,8,1,e,1934,1935,250000
5,10,0,e,1934,1938,250000
5,6,5,p,1934,1937,250000
5,10,5,p,1934,1935,250000
6,11,1,e,1934,1937,250000
6,13,1,e,1934,1934,250000
6,14,1,e,1934,1936,250000
6,11,3,c,1934,1937,250000
6,15,3,c,1934,1938,250000
6,16,3,c,1934,1936,250000
6,12,5,p,1934,1938,250000
6,13,4,p,1934,1935,250000
6,15,5,p,1934,1935,250000
1,3,0,c,1935,1939,250000
1,4,1,c,1935,1938,250000
1,1,4,p,1935,1939,250000
1,3,4,p,1935,1938,250000
5,7,1,e,1935,1937,250000
5,7,5,p,1935,1937,250000
5,8,5,p,1935,1937,250000
5,9,5,p,1935,1936,250000
6,13,1,e,1935,1937,250000
6,17,1,e,1935,1937,250000
6,18,1,e,1935,1936,250000
6,19,1,e,1935,1935,250000
6,13,0,c,1935,1937,250000
6,18,0,c,1935,1935,250000
1,2,1,e,1936,1939,250000
1,3,0,e,1936,1940,250000
1,5,1,c,1936,1938,250000
1,4,4,p,1936,1938,250000
5,8,1,e,1936,1938,250000
5,8,2,c,1936,1937,250000
5,9,0,c,1936,1937,250000
5,10,2,c,1936,1939,250000
5,10,5,p,1936,1938,250000
6,12,1,e,1936,1936,250000
6,19,1,e,1936,1940,250000
6,12,0,c,1936,1936,250000
6,14,0,c,1936,1938,250000
6,18,3,c,1936,1938,250000
6,13,4,p,1936,1939,250000
6,14,5,p,1936,1938,250000
6,15,5,p,1936,1938,250000
6,18,4,p,1936,1939,250000
1,1,0,e,1937,1940,250000
1,1,1,c,1937,1937,250000
1,5,4,p,1937,1938,250000
5,6,0,c,1937,1941,250000
5,7,2,c,1937,1937,250000
5,9,5,p,1937,1941,250000
6,12,1,e,1937,1941,250000
6,14,1,e,1937,1937,250000
6,18,1,e,1937,1940,250000
6,12,3,c,1937,1937,250000
6,0,2,c,1937,1938,250000
6,16,3,c,1937,1941,250000
6,19,2,c,1937,1939,250000
6,11,5,p,1937,1938,250000
6,0,4,p,1937,1937,250000
6,16,5,p,1937,1939,250000
6,17,5,p,1937,1938,250000
6,19,5,p,1937,1941,250000
1,4,1,e,1938,1939,250000
1,1,0,c,1938,1940,250000
1,2,1,c,1938,1942,250000
5,7,0,e,1938,1938,250000
5,9,1,e,1938,1938,250000
5,7,2,c,1938,1939,250000
5,8,0,c,1938,1938,250000
5,9,2,c,1938,1939,250000
5,6,5,p,1938,1939,250000
5,7,5,p,1938,1941,250000
5,8,5,p,1938,1941,250000
6,11,1,e,1938,1941,250000
6,13,1,e,1938,1938,250000
6,14,1,e,1938,1939,250000
6,15,1,e,1938,1940,250000
6,0,1,e,1938,1938,250000
6,16,1,e,1938,1941,250000
6,17,1,e,1938,1938,250000
6,11,2,c,1938,1941,250000
6,12,3,c,1938,1941,250000
6,13,2,c,1938,1939,250000
6,17,2,c,1938,1940,250000
6,0,4,p,1938,1939,250000
1,5,1,e,1939,1941,250000
1,4,0,c,1939,1941,250000
1,5,0,c,1939,1942,250000
1,2,4,p,1939,1939,250000
1,3,4,p,1939,1941,250000
1,4,4,p,1939,1940,250000
1,5,4,p,1939,1942,250000
5,6,1,e,1939,1941,250000
5,7,0,e,1939,1940,250000
5,8,1,e,1939,1941,250000
5,9,0,e,1939,1943,250000
5,10,0,e,1939,1942,250000
5,8,0,c,1939,1941,250000
5,10,5,p,1939,1941,250000
6,13,1,e,1939,1939,250000
6,0,1,e,1939,1941,250000
6,17,1,e,1939,1939,250000
6,14,3,c,1939,1939,250000
6,15,3,c,1939,1941,250000
6,0,3,c,1939,1943,250000
6,18,2,c,1939,1940,250000
6,11,5,p,1939,1939,250000
6,12,4,p,1939,1941,250000
6,14,5,p,1939,1939,250000
6,15,4,p,1939,1939,250000
6,17,5,p,1939,1939,250000
1,2,0,e,1940,1941,250000
1,4,0,e,1940,1941,250000
1,3,0,c,1940,1940,250000
1,1,4,p,1940,1940,250000
1,2,4,p,1940,1941,250000
5,7,0,c,1940,1941,250000
5,9,2,c,1940,1942,250000
5,10,2,c,1940,1941,250000
5,6,5,p,1940,1944,250000
6,13,1,e,1940,1940,250000
6,14,1,e,1940,1940,250000
6,17,1,e,1940,1944,250000
6,13,2,c,1940,1944,250000
6,14,3,c,1940,1942,250000
6,19,0,c,1940,1940,250000
6,11,5,p,1940,1943,250000
6,13,5,p,1940,1944,250000
6,14,4,p,1940,1940,250000
6,15,4,p,1940,1941,250000
6,0,5,p,1940,1940,250000
6,16,4,p,1940,1942,250000
6,17,5,p,1940,1942,250000
6,18,5,p,1940,1940,250000
1,1,0,e,1941,1941,250000
1,3,1,e,1941,1941,250000
1,1,0,c,1941,1942,250000
1,3,0,c,1941,1942,250000
1,1,4,p,1941,1943,250000
1,4,4,p,1941,1944,250000
5,7,0,e,1941,1941,250000
6,13,1,e,1941,1944,250000
6,14,1,e,1941,1942,250000
6,15,1,e,1941,1942,250000
6,18,1,e,1941,1945,250000
6,19,1,e,1941,1941,250000
6,17,3,c,1941,1941,250000
6,18,2,c,1941,1944,250000
6,19,0,c,1941,1943,250000
6,14,4,p,1941,1943,250000
6,0,5,p,1941,1943,250000
6,18,5,p,1941,1944,250000
1,1,1,e,1942,1943,250000
1,2,0,e,1942,1942,250000
1,3,1,e,1942,1945,250000
1,4,0,e,1942,1942,250000
1,5,0,e,1942,1944,250000
1,4,0,c,1942,1944,250000
1,2,4,p,1942,1944,250000
1,3,4,p,1942,1942,250000
5,6,0,e,1942,1946,250000
5,7,1,e,1942,1946,250000
5,8,1,e,1942,1946,250000
5,6,0,c,1942,1942,250000
5,7,0,c,1942,1944,250000
5,8,2,c,1942,1943,250000
5,10,0,c,1942,1946,250000
5,7,5,p,1942,1946,250000
5,8,5,p,1942,1944,250000
5,9,5,p,1942,1942,250000
5,10,5,p,1942,1945,250000
6,11,1,e,1942,1943,250000
6,12,1,e,1942,1944,250000
6,0,1,e,1942,1943,250000
6,16,1,e,1942,1942,250000
6,19,1,e,1942,1943,250000
6,11,2,c,1942,1943,250000
6,12,2,c,1942,1945,250000
6,15,2,c,1942,1943,250000
6,16,2,c,1942,1945,250000
6,17,0,c,1942,1945,250000
6,12,4,p,1942,1943,250000
6,15,4,p,1942,1944,250000
6,19,4,p,1942,1945,250000
1,2,0,e,1943,1945,250000
1,4,1,e,1943,1947,250000
1,1,0,c,1943,1947,250000
1,2,0,c,1943,1947,250000
1,3,1,c,1943,1943,250000
1,5,1,c,1943,1945,250000
1,3,4,p,1943,1943,250000
1,5,4,p,1943,1945,250000
5,10,1,e,1943,1944,250000
5,6,2,c,1943,1947,250000
5,9,2,c,1943,1943,250000
5,9,5,p,1943,1947,250000
6,14,1,e,1943,1945,250000
6,15,1,e,1943,1945,250000
6,16,1,e,1943,1947,250000
6,14,0,c,1943,1946,250000
6,16,4,p,1943,1943,250000
6,17,4,p,1943,1945,250000
1,1,1,e,1944,1947,250000
1,3,1,c,1944,1945,250000
1,1,4,p,1944,1944,250000
1,3,4,p,1944,1947,250000
5,9,0,e,1944,1945,250000
5,8,0,c,1944,1947,250000
5,9,2,c,1944,1947,250000
6,11,1,e,1944,1945,250000
6,0,1,e,1944,1947,250000
6,19,1,e,1944,1946,250000
6,11,2,c,1944,1945,250000
6,15,3,c,1944,1945,250000
6,0,3,c,1944,1944,250000
6,19,3,c,1944,1948,250000
6,11,4,p,1944,1945,250000
6,12,5,p,1944,1945,250000
6,14,5,p,1944,1948,250000
6,0,5,p,1944,1947,250000
6,16,5,p,1944,1947,250000
1,5,1,e,1945,1945,250000
1,4,1,c,1945,1949,250000
1,1,4,p,1945,1946,250000
1,2,4,p,1945,1947,250000
1,4,4,p,1945,1949,250000
5,10,1,e,1945,1946,250000
5,7,2,c,1945,1949,250000
5,6,5,p,1945,1948,250000
5,8,5,p,1945,1948,250000
6,12,1,e,1945,1947,250000
6,13,1,e,1945,1947,250000
6,17,1,e,1945,1945,250000
6,13,0,c,1945,1946,250000
6,0,3,c,1945,1948,250000
6,18,3,c,1945,1949,250000
6,13,4,p,1945,1945,250000
6,15,4,p,1945,1945,250000
6,18,4,p,1945,1946,250000
1,2,1,e,1946,1949,250000
1,3,0,e,1946,1946,250000
1,5,1,e,1946,1949,250000
1,3,0,c,1946,1947,250000
1,5,0,c,1946,1949,250000
1,5,4,p,1946,1947,250000
5,9,0,e,1946,1947,250000
5,10,5,p,1946,1950,250000
6,11,1,e,1946,1948,250000
6,14,1,e,1946,1946,250000
6,15,1,e,1946,1949,250000
6,17,1,e,1946,1948,250000
6,18,1,e,1946,1950,250000
6,11,2,c,1946,1950,250000
6,12,2,c,1946,1949,250000
6,15,2,c,1946,1946,250000
6,16,0,c,1946,1950,250000
6,17,3,c,1946,1946,250000
6,11,4,p,1946,1948,250000
6,12,5,p,1946,1947,250000
6,13,5,p,1946,1949,250000
6,15,5,p,1946,1947,250000
6,17,5,p,1946,1950,250000
6,19,4,p,1946,1950,250000
1,3,1,e,1947,1949,250000
1,1,4,p,1947,1951,250000
5,6,1,e,1947,1951,250000
5,7,1,e,1947,1947,250000
5,8,1,e,1947,1947,250000
5,10,1,e,1947,1950,250000
5,10,2,c,1947,1947,250000
5,7,5,p,1947,1949,250000
6,14,1,e,1947,1947,250000
6,19,1,e,1947,1949,250000
6,13,3,c,1947,1950,250000
6,14,0,c,1947,1948,250000
6,15,0,c,1947,1950,250000
6,17,3,c,1947,1951,250000
6,18,5,p,1947,1951,250000
1,1,1,e,1948,1950,250000
1,4,0,e,1948,1948,250000
1,1,1,c,1948,1952,250000
1,2,1,c,1948,1948,250000
1,3,0,c,1948,1951,250000
1,2,4,p,1948,1950,250000
1,3,4,p,1948,1950,250000
1,5,4,p,1948,1949,250000
5,7,1,e,1948,1950,250000
5,8,0,e,1948,1950,250000
5,9,0,e,1948,1951,250000
5,6,2,c,1948,1951,250000
5,8,0,c,1948,1950,250000
5,9,2,c,1948,1952,250000
5,10,2,c,1948,1951,250000
5,9,5,p,1948,1948,250000
6,12,1,e,1948,1948,250000
6,13,1,e,1948,1950,250000
6,14,1,e,1948,1948,250000
6,0,1,e,1948,1949,250000
6,16,1,e,1948,1952,250000
6,12,4,p,1948,1949,250000
6,15,4,p,1948,1950,250000
6,0,5,p,1948,1952,250000
6,16,5,p,1948,1951,250000
1,4,0,e,1949,1951,250000
1,2,1,c,1949,1951,250000
5,6,5,p,1949,1950,250000
5,8,5,p,1949,1953,250000
5,9,5,p,1949,1950,250000
6,11,1,e,1949,1949,250000
6,12,1,e,1949,1951,250000
6,14,1,e,1949,1950,250000
6,17,1,e,1949,1950,250000
6,14,0,c,1949,1952,250000
6,0,0,c,1949,1950,250000
6,19,0,c,1949,1952,250000
6,11,4,p,1949,1953,250000
6,14,5,p,1949,1951,250000
1,2,1,e,1950,1952,250000
1,3,0,e,1950,1953,250000
1,5,1,e,1950,1950,250000
1,4,0,c,1950,1954,250000
1,5,1,c,1950,1950,250000
1,4,4,p,1950,1954,250000
1,5,4,p,1950,1951,250000
5,7,2,c,1950,1954,250000
5,7,5,p,1950,1950,250000
6,11,1,e,1950,1953,250000
6,15,1,e,1950,1953,250000
6,0,1,e,1950,1953,250000
6,19,1,e,1950,1952,250000
6,12,0,c,1950,1951,250000
6,18,3,c,1950,1954,250000
6,12,4,p,1950,1951,250000
6,13,5,p,1950,1952,250000
1,1,1,e,1951,1951,250000
1,5,0,e,1951,1954,250000
1,5,0,c,1951,1954,250000
1,2,4,p,1951,1954,250000
1,3,4,p,1951,1953,250000
5,7,0,e,1951,1955,250000
5,8,1,e,1951,1955,250000
5,10,0,e,1951,1953,250000
5,8,0,c,1951,1954,250000
5,6,5,p,1951,1953,250000
5,7,5,p,1951,1955,250000
5,9,5,p,1951,1954,250000
5,10,5,p,1951,1954,250000
6,13,1,e,1951,1952,250000
6,14,1,e,1951,1955,250000
6,17,1,e,1951,1951,250000
6,18,1,e,1951,1954,250000
6,11,3,c,1951,1952,250000
6,13,0,c,1951,1951,250000
6,15,0,c,1951,1955,250000
6,0,0,c,1951,1954,250000
6,16,0,c,1951,1955,250000
6,15,5,p,1951,1953,250000
6,17,4,p,1951,1953,250000
6,19,5,p,1951,1953,250000
1,1,0,e,1952,1952,250000
1,4,1,e,1952,1956,250000
1,2,0,c,1952,1952,250000
1,3,0,c,1952,1952,250000
1,1,4,p,1952,1954,250000
1,5,4,p,1952,1955,250000
5,6,0,e,1952,1954,250000
5,9,1,e,1952,1952,250000
5,6,0,c,1952,1956,250000
5,10,0,c,1952,1953,250000
6,12,1,e,1952,1956,250000
6,17,1,e,1952,1952,250000
6,12,0,c,1952,1953,250000
6,13,0,c,1952,1955,250000
6,17,3,c,1952,1956,250000
6,12,4,p,1952,1952,250000
6,14,5,p,1952,1954,250000
6,16,4,p,1952,1956,250000
6,18,5,p,1952,1956,250000
1,1,0,e,1953,1955,250000
1,2,1,e,1953,1953,250000
1,1,0,c,1953,1956,250000
1,2,1,c,1953,1955,250000
1,3,0,c,1953,1957,250000
5,9,1,e,1953,1957,250000
5,9,0,c,1953,1955,250000
6,13,1,e,1953,1957,250000
6,16,1,e,1953,1953,250000
6,17,1,e,1953,1957,250000
6,19,1,e,1953,1954,250000
6,11,3,c,1953,1953,250000
6,14,3,c,1953,1953,250000
6,19,2,c,1953,1956,250000
6,12,5,p,1953,1956,250000
6,13,4,p,1953,1956,250000
6,0,4,p,1953,1954,250000
1,2,0,e,1954,1958,250000
1,3,0,e,1954,1956,250000
1,3,4,p,1954,1958,250000
5,10,0,e,1954,1957,250000
5,10,0,c,1954,1956,250000
5,6,5,p,1954,1954,250000
5,8,5,p,1954,1958,250000
6,11,1,e,1954,1957,250000
6,15,1,e,1954,1956,250000
6,0,1,e,1954,1955,250000
6,16,1,e,1954,1954,250000
6,11,2,c,1954,1957,250000
6,12,3,c,1954,1954,250000
6,14,0,c,1954,1956,250000
6,11,4,p,1954,1958,250000
6,15,4,p,1954,1956,250000
6,17,4,p,1954,1955,250000
6,19,4,p,1954,1954,250000
1,5,0,e,1955,1957,250000
1,4,0,c,1955,1955,250000
1,5,1,c,1955,1956,250000
1,1,4,p,1955,1959,250000
1,2,4,p,1955,1957,250000
1,4,4,p,1955,1959,250000
5,6,0,e,1955,1955,250000
5,7,2,c,1955,1959,250000
5,8,2,c,1955,1955,250000
5,6,5,p,1955,1958,250000
5,9,5,p,1955,1958,250000
5,10,5,p,1955,1956,250000
6,16,1,e,1955,1959,250000
6,18,1,e,1955,1958,250000
6,19,1,e,1955,1958,250000
6,12,3,c,1955,1956,250000
6,0,3,c,1955,1959,250000
6,18,2,c,1955,1956,250000
6,14,5,p,1955,1958,250000
6,0,5,p,1955,1959,250000
6,19,4,p,1955,1956,250000
1,1,0,e,1956,1956,250000
1,2,1,c,1956,1957,250000
1,4,1,c,1956,1957,250000
1,5,4,p,1956,1959,250000
5,6,0,e,1956,1957,250000
5,7,0,e,1956,1956,250000
5,8,0,e,1956,1958,250000
5,8,0,c,1956,1956,250000
5,9,0,c,1956,1960,250000
5,7,5,p,1956,1956,250000
6,14,1,e,1956,1958,250000
6,0,1,e,1956,1958,250000
6,13,3,c,1956,1960,250000
6,15,0,c,1956,1956,250000
6,16,2,c,1956,1957,250000
6,17,5,p,1956,1957,250000
1,1,1,e,1957,1958,250000
1,3,0,e,1957,1957,250000
1,4,1,e,1957,1960,250000
1,1,1,c,1957,1957,250000
1,5,0,c,1957,1961,250000
5,7,0,e,1957,1959,250000
5,6,0,c,1957,1959,250000
5,8,2,c,1957,1959,250000
5,10,0,c,1957,1960,250000
5,7,5,p,1957,1957,250000
5,10,5,p,1957,1957,250000
6,12,1,e,1957,1961,250000
6,15,1,e,1957,1957,250000
6,12,0,c,1957,1959,250000
6,14,0,c,1957,1959,250000
6,15,0,c,1957,1957,250000
6,17,0,c,1957,1958,250000
6,18,2,c,1957,1960,250000
6,19,3,c,1957,1957,250000
6,12,5,p,1957,1957,250000
6,13,4,p,1957,1959,250000
6,15,4,p,1957,1960,250000
6,16,5,p,1957,1957,250000
6,18,4,p,1957,1959,250000
6,19,5,p,1957,1958,250000
1,3,0,e,1958,1961,250000
1,5,1,e,1958,1962,250000
1,1,0,c,1958,1960,250000
1,2,1,c,1958,1962,250000
1,3,0,c,1958,1958,250000
1,4,1,c,1958,1960,250000
1,2,4,p,1958,1959,250000
5,6,0,e,1958,1959,250000
5,9,0,e,1958,1958,250000
5,10,0,e,1958,1962,250000
5,7,5,p,1958,1961,250000
5,10,5,p,1958,1961,250000
6,11,1,e,1958,1959,250000
6,13,1,e,1958,1959,250000
6,15,1,e,1958,1961,250000
6,17,1,e,1958,1962,250000
6,11,2,c,1958,1960,250000
6,15,0,c,1958,1961,250000
6,16,3,c,1958,1959,250000
6,19,0,c,1958,1962,250000
6,12,5,p,1958,1959,250000
6,16,5,p,1958,1961,250000
6,17,4,p,1958,1959,250000
1,1,0,e,1959,1962,250000
1,2,1,e,1959,1962,250000
1,3,1,c,1959,1962,250000
1,3,4,p,1959,1959,250000
5,8,0,e,1959,1961,250000
5,9,1,e,1959,1959,250000
5,6,5,p,1959,1961,250000
5,8,5,p,1959,1961,250000
5,9,5,p,1959,1959,250000
6,14,1,e,1959,1959,250000
6,0,1,e,1959,1961,250000
6,18,1,e,1959,1963,250000
6,19,1,e,1959,1959,250000
6,17,0,c,1959,1959,250000
6,11,5,p,1959,1963,250000
6,14,5,p,1959,1962,250000
6,19,5,p,1959,1962,250000
1,1,4,p,1960,1964,250000
1,2,4,p,1960,1963,250000
1,3,4,p,1960,1964,250000
1,4,4,p,1960,1960,250000
1,5,4,p,1960,1964,250000
5,6,1,e,1960,1962,250000
5,7,1,e,1960,1964,250000
5,9,0,e,1960,1961,250000
5,6,0,c,1960,1961,250000
5,7,2,c,1960,1961,250000
5,8,0,c,1960,1962,250000
5,9,5,p,1960,1964,250000
6,11,1,e,1960,1963,250000
6,13,1,e,1960,1960,250000
6,14,1,e,1960,1964,250000
6,16,1,e,1960,1963,250000
6,19,1,e,1960,1962,250000
6,12,3,c,1960,1962,250000
6,14,2,c,1960,1964,250000
6,0,2,c,1960,1961,250000
6,16,3,c,1960,1960,250000
6,17,0,c,1960,1963,250000
6,12,5,p,1960,1963,250000
6,13,4,p,1960,1964,250000
6,0,4,p,1960,1963,250000
6,17,4,p,1960,1964,250000
6,18,4,p,1960,1963,250000
1,4,0,e,1961,1964,250000
1,1,1,c,1961,1963,250000
1,4,0,c,1961,1965,250000
1,4,4,p,1961,1965,250000
5,9,2,c,1961,1964,250000
5,10,2,c,1961,1961,250000
6,13,1,e,1961,1965,250000
6,11,0,c,1961,1964,250000
6,13,0,c,1961,1963,250000
6,16,3,c,1961,1965,250000
6,18,3,c,1961,1961,250000
6,15,5,p,1961,1963,250000
1,3,0,e,1962,1966,250000
1,5,1,c,1962,1964,250000
5,8,0,e,1962,1962,250000
5,9,0,e,1962,1963,250000
5,6,0,c,1962,1965,250000
5,7,0,c,1962,1964,250000
5,10,0,c,1962,1966,250000
5,6,5,p,1962,1962,250000
5,7,5,p,1962,1963,250000
5,8,5,p,1962,1966,250000
5,10,5,p,1962,1963,250000
6,12,1,e,1962,1966,250000
6,15,1,e,1962,1963,250000
6,0,1,e,1962,1964,250000
6,15,3,c,1962,1963,250000
6,0,3,c,1962,1966,250000
6,18,0,c,1962,1966,250000
6,16,4,p,1962,1966,250000
1,1,1,e,1963,1965,250000
1,2,1,e,1963,1965,250000
1,5,1,e,1963,1963,250000
1,2,0,c,1963,1963,250000
1,3,0,c,1963,1965,250000
5,6,0,e,1963,1966,250000
5,8,0,e,1963,1964,250000
5,10,1,e,1963,1964,250000
5,8,2,c,1963,1965,250000
5,6,5,p,1963,1965,250000
6,17,1,e,1963,1963,250000
6,19,1,e,1963,1966,250000
6,12,2,c,1963,1967,250000
6,19,3,c,1963,1967,250000
6,14,5,p,1963,1963,250000
6,19,4,p,1963,1964,250000
1,5,0,e,1964,1966,250000
1,1,0,c,1964,1964,250000
1,2,0,c,1964,1967,250000
1,2,4,p,1964,1968,250000
5,9,1,e,1964,1968,250000
5,7,5,p,1964,1966,250000
5,10,5,p,1964,1967,250000
6,11,1,e,1964,1964,250000
6,15,1,e,1964,1968,250000
6,16,1,e,1964,1968,250000
6,17,1,e,1964,1966,250000
6,18,1,e,1964,1967,250000
6,13,2,c,1964,1968,250000
6,15,2,c,1964,1966,250000
6,17,3,c,1964,1968,250000
6,11,4,p,1964,1967,250000
6,12,4,p,1964,1964,250000
6,14,5,p,1964,1968,250000
6,15,5,p,1964,1967,250000
6,0,4,p,1964,1968,250000
6,18,5,p,1964,1968,250000
1,4,0,e,1965,1968,250000
1,1,1,c,1965,1965,250000
1,5,0,c,1965,1967,250000
1,1,4,p,1965,1969,250000
1,3,4,p,1965,1967,250000
1,5,4,p,1965,1965,250000
5,7,0,e,1965,1969,250000
5,8,1,e,1965,1969,250000
5,10,1,e,1965,1965,250000
5,7,2,c,1965,1966,250000
5,9,2,c,1965,1969,250000
5,9,5,p,1965,1967,250000
6,11,1,e,1965,1966,250000
6,14,1,e,1965,1966,250000
6,0,1,e,1965,1969,250000
6,11,2,c,1965,1969,250000
6,14,2,c,1965,1968,250000
6,12,4,p,1965,1966,250000
6,13,4,p,1965,1966,250000
6,17,5,p,1965,1967,250000
6,19,4,p,1965,1968,250000
1,1,1,e,1966,1970,250000
1,2,0,e,1966,1967,250000
1,1,1,c,1966,1970,250000
1,3,0,c,1966,1970,250000
1,4,1,c,1966,1970,250000
1,4,4,p,1966,1967,250000
1,5,4,p,1966,1968,250000
5,10,0,e,1966,1970,250000
5,6,0,c,1966,1969,250000
5,8,2,c,1966,1967,250000
5,6,5,p,1966,1969,250000
6,13,1,e,1966,1967,250000
6,16,3,c,1966,1969,250000
1,3,1,e,1967,1971,250000
1,5,1,e,1967,1970,250000
5,6,0,e,1967,1970,250000
5,7,2,c,1967,1967,250000
5,10,0,c,1967,1969,250000
5,7,5,p,1967,1971,250000
5,8,5,p,1967,1968,250000
6,11,1,e,1967,1968,250000
6,12,1,e,1967,1967,250000
6,14,1,e,1967,1970,250000
6,17,1,e,1967,1971,250000
6,19,1,e,1967,1971,250000
6,15,3,c,1967,1970,250000
6,0,0,c,1967,1967,250000
6,18,0,c,1967,1968,250000
6,12,4,p,1967,1969,250000
6,13,4,p,1967,1971,250000
6,16,5,p,1967,1970,250000
1,2,0,e,1968,1971,250000
1,2,0,c,1968,1972,250000
1,5,1,c,1968,1969,250000
1,3,4,p,1968,1971,250000
1,4,4,p,1968,1969,250000
5,7,0,c,1968,1969,250000
5,8,0,c,1968,1971,250000
5,9,5,p,1968,1971,250000
5,10,5,p,1968,1972,250000
6,12,1,e,1968,1968,250000
6,13,1,e,1968,1968,250000
6,18,1,e,1968,1969,250000
6,12,3,c,1968,1970,250000
6,0,0,c,1968,1968,250000
6,19,2,c,1968,1969,250000
6,11,4,p,1968,1971,250000
6,15,5,p,1968,1969,250000
6,17,5,p,1968,1971,250000
1,4,0,e,1969,1973,250000
1,2,4,p,1969,1971,250000
1,5,4,p,1969,1971,250000
5,9,0,e,1969,1969,250000
5,8,5,p,1969,1970,250000
6,11,1,e,1969,1973,250000
6,12,1,e,1969,1973,250000
6,13,1,e,1969,1972,250000
6,15,1,e,1969,1972,250000
6,16,1,e,1969,1972,250000
6,13,3,c,1969,1970,250000
6,14,2,c,1969,1972,250000
6,0,3,c,1969,1973,250000
6,17,3,c,1969,1973,250000
6,18,0,c,1969,1969,250000
6,14,4,p,1969,1969,250000
6,0,5,p,1969,1969,250000
6,18,4,p,1969,1969,250000
6,19,4,p,1969,1970,250000
1,5,1,c,1970,1970,250000
1,1,4,p,1970,1974,250000
1,4,4,p,1970,1974,250000
5,7,1,e,1970,1972,250000
5,8,0,e,1970,1970,250000
5,9,1,e,1970,1973,250000
5,6,2,c,1970,1973,250000
5,7,2,c,1970,1973,250000
5,9,0,c,1970,1970,250000
5,10,2,c,1970,1972,250000
5,6,5,p,1970,1974,250000
6,0,1,e,1970,1971,250000
6,18,1,e,1970,1971,250000
6,11,2,c,1970,1974,250000
6,16,2,c,1970,1970,250000
6,18,2,c,1970,1971,250000
6,19,3,c,1970,1973,250000
6,12,4,p,1970,1974,250000
6,14,5,p,1970,1973,250000
6,15,4,p,1970,1972,250000
6,0,5,p,1970,1974,250000
6,18,4,p,1970,1971,250000
1,1,1,e,1971,1971,250000
1,5,1,e,1971,1974,250000
1,1,0,c,1971,1975,250000
1,3,1,c,1971,1973,250000
1,4,1,c,1971,1975,250000
1,5,1,c,1971,1971,250000
5,6,1,e,1971,1973,250000
5,8,1,e,1971,1973,250000
5,10,1,e,1971,1973,250000
5,9,0,c,1971,1972,250000
5,8,5,p,1971,1974,250000
6,14,1,e,1971,1974,250000
6,12,2,c,1971,1975,250000
6,13,0,c,1971,1975,250000
6,15,3,c,1971,1974,250000
6,16,3,c,1971,1972,250000
6,16,4,p,1971,1973,250000
6,19,5,p,1971,1975,250000
1,1,1,e,1972,1975,250000
1,2,1,e,1972,1975,250000
1,3,0,e,1972,1975,250000
1,5,0,c,1972,1976,250000
1,2,4,p,1972,1974,250000
1,3,4,p,1972,1976,250000
1,5,4,p,1972,1974,250000
5,8,0,c,1972,1973,250000
5,7,5,p,1972,1975,250000
5,9,5,p,1972,1975,250000
6,0,1,e,1972,1975,250000
6,17,1,e,1972,1974,250000
6,18,1,e,1972,1972,250000
6,19,1,e,1972,1974,250000
6,18,0,c,1972,1972,250000
6,11,5,p,1972,1976,250000
6,13,5,p,1972,1975,250000
6,17,5,p,1972,1976,250000
6,18,5,p,1972,1976,250000
1,2,0,c,1973,1974,250000
5,7,0,e,1973,1976,250000
5,9,0,c,1973,1974,250000
5,10,0,c,1973,1977,250000
5,10,5,p,1973,1977,250000
6,13,1,e,1973,1976,250000
6,15,1,e,1973,1975,250000
6,16,1,e,1973,1975,250000
6,18,1,e,1973,1976,250000
6,14,0,c,1973,1974,250000
6,16,2,c,1973,1976,250000
6,18,3,c,1973,1975,250000
6,15,4,p,1973,1973,250000
1,4,0,e,1974,1975,250000
1,3,1,c,1974,1976,250000
5,6,0,e,1974,1977,250000
5,8,1,e,1974,1975,250000
5,9,0,e,1974,1974,250000
5,10,1,e,1974,1975,250000
5,6,0,c,1974,1978,250000
5,7,0,c,1974,1975,250000
5,8,0,c,1974,1976,250000
6,11,1,e,1974,1978,250000
6,12,1,e,1974,1974,250000
6,0,0,c,1974,1975,250000
6,17,3,c,1974,1974,250000
6,19,0,c,1974,1975,250000
6,14,4,p,1974,1975,250000
6,15,4,p,1974,1976,250000
6,16,5,p,1974,1978,250000
1,5,1,e,1975,1975,250000
1,2,1,c,1975,1978,250000
1,1,4,p,1975,1977,250000
1,2,4,p,1975,1977,250000
1,4,4,p,1975,1976,250000
1,5,4,p,1975,1977,250000
5,9,1,e,1975,1979,250000
5,9,0,c,1975,1975,250000
5,6,5,p,1975,1975,250000
5,8,5,p,1975,1977,250000
6,12,1,e,1975,1976,250000
6,14,1,e,1975,1978,250000
6,17,1,e,1975,1978,250000
6,19,1,e,1975,1977,250000
6,11,0,c,1975,1979,250000
6,14,3,c,1975,1975,250000
6,15,2,c,1975,1977,250000
6,17,3,c,1975,1977,250000
6,12,4,p,1975,1978,250000
6,0,4,p,1975,1975,250000
1,1,0,e,1976,1980,250000
1,2,1,e,1976,1980,250000
1,3,1,e,1976,1980,250000
1,4,1,e,1976,1980,250000
1,5,1,e,1976,1978,250000
1,1,1,c,1976,1976,250000
1,4,0,c,1976,1980,250000
5,8,0,e,1976,1976,250000
5,10,0,e,1976,1978,250000
5,7,0,c,1976,1979,250000
5,9,0,c,1976,1977,250000
5,6,5,p,1976,1977,250000
5,7,5,p,1976,1978,250000
5,9,5,p,1976,1977,250000
6,15,1,e,1976,1977,250000
6,0,1,e,1976,1978,250000
6,16,1,e,1976,1978,250000
6,12,0,c,1976,1976,250000
6,13,2,c,1976,1977,250000
6,14,3,c,1976,1976,250000
6,0,2,c,1976,1976,250000
6,18,0,c,1976,1976,250000
6,19,0,c,1976,1977,250000
6,13,4,p,1976,1980,250000
6,14,5,p,1976,1977,250000
6,0,5,p,1976,1980,250000
6,19,4,p,1976,1977,250000
1,1,1,c,1977,1978,250000
1,3,1,c,1977,1981,250000
1,5,1,c,1977,1981,250000
1,3,4,p,1977,1980,250000
1,4,4,p,1977,1979,250000
5,7,1,e,1977,1977,250000
5,8,0,e,1977,1978,250000
5,8,0,c,1977,1978,250000
6,12,1,e,1977,1977,250000
6,13,1,e,1977,1980,250000
6,18,1,e,1977,1980,250000
6,12,2,c,1977,1980,250000
6,14,0,c,1977,1981,250000
6,0,3,c,1977,1978,250000
6,16,2,c,1977,1979,250000
6,18,2,c,1977,1980,250000
6,11,4,p,1977,1978,250000
6,15,4,p,1977,1980,250000
6,17,5,p,1977,1978,250000
6,18,4,p,1977,1980,250000
1,1,4,p,1978,1978,250000
1,2,4,p,1978,1980,250000
1,5,4,p,1978,1981,250000
5,6,1,e,1978,1978,250000
5,7,1,e,1978,1981,250000
5,9,0,c,1978,1981,250000
5,10,2,c,1978,1981,250000
5,6,5,p,1978,1979,250000
5,8,5,p,1978,1981,250000
5,9,5,p,1978,1982,250000
5,10,5,p,1978,1982,250000
6,12,1,e,1978,1981,250000
6,15,1,e,1978,1979,250000
6,19,1,e,1978,1981,250000
6,13,2,c,1978,1981,250000
6,15,0,c,1978,1980,250000
6,17,3,c,1978,1982,250000
6,19,0,c,1978,1982,250000
6,14,4,p,1978,1981,250000
6,19,4,p,1978,1981,250000
1,5,1,e,1979,1981,250000
1,1,1,c,1979,1979,250000
1,2,0,c,1979,1980,250000
1,1,4,p,1979,1979,250000
5,6,1,e,1979,1980,250000
5,8,1,e,1979,1979,250000
5,10,0,e,1979,1981,250000
5,6,0,c,1979,1981,250000
5,8,2,c,1979,1979,250000
5,7,5,p,1979,1980,250000
6,11,1,e,1979,1979,250000
6,14,1,e,1979,1979,250000
6,0,1,e,1979,1981,250000
6,16,1,e,1979,1979,250000
6,17,1,e,1979,1981,250000
6,0,2,c,1979,1981,250000
6,11,4,p,1979,1980,250000
6,12,4,p,1979,1981,250000
6,16,4,p,1979,1982,250000
6,17,4,p,1979,1979,250000
1,1,0,c,1980,1984,250000
1,1,4,p,1980,1984,250000
1,4,4,p,1980,1982,250000
5,8,0,e,1980,1981,250000
5,9,0,e,1980,1982,250000
5,7,2,c,1980,1980,250000
5,8,0,c,1980,1982,250000
5,6,5,p,1980,1984,250000
6,11,1,e,1980,1980,250000
6,14,1,e,1980,1984,250000
6,15,1,e,1980,1984,250000
6,16,1,e,1980,1980,250000
6,11,0,c,1980,1984,250000
6,16,0,c,1980,1984,250000
6,17,5,p,1980,1982,250000
1,1,1,e,1981,1983,250000
1,2,1,e,1981,1981,250000
1,3,1,e,1981,1982,250000
1,4,1,e,1981,1985,250000
1,2,0,c,1981,1985,250000
1,4,1,c,1981,1985,250000
1,2,4,p,1981,1984,250000
1,3,4,p,1981,1985,250000
5,6,1,e,1981,1985,250000
5,7,2,c,1981,1985,250000
5,7,5,p,1981,1984,250000
6,11,1,e,1981,1983,250000
6,13,1,e,1981,1983,250000
6,16,1,e,1981,1984,250000
6,18,1,e,1981,1984,250000
6,12,3,c,1981,1983,250000
6,15,2,c,1981,1982,250000
6,18,2,c,1981,1984,250000
6,11,5,p,1981,1984,250000
6,13,5,p,1981,1983,250000
6,15,4,p,1981,1981,250000
6,0,4,p,1981,1984,250000
6,18,5,p,1981,1981,250000
1,2,0,e,1982,1983,250000
1,5,1,e,1982,1984,250000
1,3,0,c,1982,1983,250000
1,5,1,c,1982,1986,250000
1,5,4,p,1982,1985,250000
5,7,0,e,1982,1985,250000
5,8,0,e,1982,1982,250000
5,10,1,e,1982,1982,250000
5,6,0,c,1982,1985,250000
5,9,2,c,1982,1986,250000
5,10,0,c,1982,1985,250000
5,8,5,p,1982,1984,250000
6,12,1,e,1982,1985,250000
6,0,1,e,1982,1985,250000
6,17,1,e,1982,1983,250000
6,19,1,e,1982,1986,250000
6,13,2,c,1982,1983,250000
6,14,3,c,1982,1983,250000
6,0,2,c,1982,1982,250000
6,12,5,p,1982,1985,250000
6,14,5,p,1982,1983,250000
6,15,5,p,1982,1985,250000
6,18,4,p,1982,1986,250000
6,19,4,p,1982,1982,250000
1,3,1,e,1983,1986,250000
1,4,4,p,1983,1986,250000
5,8,1,e,1983,1985,250000
5,9,1,e,1983,1984,250000
5,10,1,e,1983,1986,250000
5,8,0,c,1983,1985,250000
5,9,5,p,1983,1983,250000
5,10,5,p,1983,1984,250000
6,15,2,c,1983,1983,250000
6,0,3,c,1983,1987,250000
6,17,2,c,1983,1985,250000
6,19,0,c,1983,1986,250000
6,16,4,p,1983,1985,250000
6,17,5,p,1983,1983,250000
6,19,5,p,1983,1984,250000
1,1,1,e,1984,1988,250000
1,2,0,e,1984,1988,250000
1,3,0,c,1984,1985,250000
5,9,5,p,1984,1988,250000
6,11,1,e,1984,1987,250000
6,13,1,e,1984,1984,250000
6,17,1,e,1984,1988,250000
6,12,3,c,1984,1988,250000
6,13,0,c,1984,1987,250000
6,14,2,c,1984,1986,250000
6,15,0,c,1984,1988,250000
6,13,5,p,1984,1986,250000
6,14,4,p,1984,1986,250000
6,17,4,p,1984,1986,250000
1,5,1,e,1985,1985,250000
1,1,0,c,1985,1985,250000
1,1,4,p,1985,1988,250000
1,2,4,p,1985,1987,250000
5,9,0,e,1985,1988,250000
5,6,5,p,1985,1988,250000
5,7,5,p,1985,1989,250000
5,8,5,p,1985,1986,250000
5,10,5,p,1985,1986,250000
6,13,1,e,1985,1985,250000
6,14,1,e,1985,1988,250000
6,15,1,e,1985,1989,250000
6,16,1,e,1985,1989,250000
6,18,1,e,1985,1989,250000
6,11,2,c,1985,1985,250000
6,16,0,c,1985,1989,250000
6,18,3,c,1985,1985,250000
6,11,5,p,1985,1986,250000
6,0,5,p,1985,1986,250000
6,19,4,p,1985,1987,250000
1,4,1,e,1986,1989,250000
1,5,0,e,1986,1989,250000
1,1,0,c,1986,1988,250000
1,2,0,c,1986,1986,250000
1,3,1,c,1986,1990,250000
1,4,1,c,1986,1990,250000
1,3,4,p,1986,1990,250000
1,5,4,p,1986,1988,250000
5,6,0,e,1986,1990,250000
5,7,0,e,1986,1988,250000
5,8,1,e,1986,1989,250000
5,6,2,c,1986,1988,250000
5,7,0,c,1986,1990,250000
5,8,0,c,1986,1990,250000
5,10,0,c,1986,1986,250000
6,12,1,e,1986,1987,250000
6,13,1,e,1986,1986,250000
6,0,1,e,1986,1987,250000
6,11,2,c,1986,1986,250000
6,17,0,c,1986,1988,250000
6,18,3,c,1986,1987,250000
6,12,5,p,1986,1989,250000
6,15,5,p,1986,1988,250000
6,16,5,p,1986,1988,250000
1,3,1,e,1987,1990,250000
1,2,0,c,1987,1987,250000
1,5,0,c,1987,1990,250000
1,4,4,p,1987,1991,250000
5,10,0,e,1987,1989,250000
5,9,0,c,1987,1991,250000
5,10,2,c,1987,1990,250000
5,8,5,p,1987,1991,250000
5,10,5,p,1987,1990,250000
6,13,1,e,1987,1989,250000
6,19,1,e,1987,1987,250000
6,11,3,c,1987,1988,250000
6,14,2,c,1987,1987,250000
6,19,0,c,1987,1988,250000
6,11,5,p,1987,1987,250000
6,13,5,p,1987,1989,250000
6,14,4,p,1987,1989,250000
6,0,4,p,1987,1990,250000
6,17,5,p,1987,1988,250000
6,18,5,p,1987,1988,250000
1,2,0,c,1988,1991,250000
1,2,4,p,1988,1992,250000
6,11,1,e,1988,1992,250000
6,12,1,e,1988,1988,250000
6,0,1,e,1988,1988,250000
6,19,1,e,1988,1989,250000
6,13,3,c,1988,1992,250000
6,14,3,c,1988,1989,250000
6,0,0,c,1988,1992,250000
6,18,0,c,1988,1989,250000
6,11,5,p,1988,1989,250000
6,19,4,p,1988,1989,250000
1,1,1,e,1989,1991,250000
1,2,0,e,1989,1992,250000
1,1,0,c,1989,1991,250000
1,1,4,p,1989,1989,250000
1,5,4,p,1989,1990,250000
5,7,1,e,1989,1990,250000
5,9,0,e,1989,1992,250000
5,6,0,c,1989,1992,250000
5,6,5,p,1989,1991,250000
5,9,5,p,1989,1991,250000
6,12,1,e,1989,1989,250000
6,14,1,e,1989,1989,250000
6,0,1,e,1989,1990,250000
6,17,1,e,1989,1989,250000
6,11,2,c,1989,1990,250000
6,12,3,c,1989,1992,250000
6,15,0,c,1989,1990,250000
6,17,2,c,1989,1989,250000
6,19,3,c,1989,1992,250000
6,15,4,p,1989,1992,250000
6,16,4,p,1989,1989,250000
6,17,4,p,1989,1993,250000
6,18,5,p,1989,1993,250000
1,4,0,e,1990,1990,250000
1,5,1,e,1990,1994,250000
1,1,4,p,1990,1991,250000
5,8,0,e,1990,1992,250000
5,10,1,e,1990,1992,250000
5,7,5,p,1990,1993,250000
6,12,1,e,1990,1991,250000
6,13,1,e,1990,1993,250000
6,14,1,e,1990,1994,250000
6,15,1,e,1990,1990,250000
6,16,1,e,1990,1993,250000
6,17,1,e,1990,1990,250000
6,18,1,e,1990,1993,250000
6,19,1,e,1990,1994,250000
6,14,3,c,1990,1991,250000
6,16,3,c,1990,1994,250000
6,17,0,c,1990,1992,250000
6,18,3,c,1990,1993,250000
6,11,5,p,1990,1992,250000
6,12,5,p,1990,1994,250000
6,13,5,p,1990,1990,250000
6,14,4,p,1990,1994,250000
6,16,5,p,1990,1990,250000
6,19,4,p,1990,1993,250000
1,3,1,e,1991,1993,250000
1,4,1,e,1991,1995,250000
1,3,1,c,1991,1993,250000
1,4,0,c,1991,1994,250000
1,5,0,c,1991,1994,250000
1,3,4,p,1991,1995,250000
1,5,4,p,1991,1991,250000
5,6,1,e,1991,1995,250000
5,7,0,e,1991,1994,250000
5,7,0,c,1991,1992,250000
5,8,2,c,1991,1995,250000
5,10,0,c,1991,1991,250000
5,10,5,p,1991,1995,250000
6,15,1,e,1991,1991,250000
6,0,1,e,1991,1993,250000
6,17,1,e,1991,1992,250000
6,11,2,c,1991,1994,250000
6,15,2,c,1991,1993,250000
6,13,5,p,1991,1995,250000
6,0,5,p,1991,1993,250000
6,16,5,p,1991,1995,250000
1,1,0,e,1992,1994,250000
1,1,1,c,1992,1992,250000
1,2,0,c,1992,1995,250000
1,1,4,p,1992,1996,250000
1,4,4,p,1992,1992,250000
1,5,4,p,1992,1995,250000
5,9,0,c,1992,1996,250000
5,10,0,c,1992,1995,250000
5,6,5,p,1992,1992,250000
5,8,5,p,1992,1994,250000
5,9,5,p,1992,1995,250000
6,12,1,e,1992,1993,250000
6,15,1,e,1992,1992,250000
6,14,2,c,1992,1995,250000
1,2,1,e,1993,1997,250000
1,1,1,c,1993,1994,250000
1,2,4,p,1993,1995,250000
1,4,4,p,1993,1994,250000
5,8,0,e,1993,1996,250000
5,9,1,e,1993,1995,250000
5,10,1,e,1993,1997,250000
5,6,0,c,1993,1995,250000
5,7,0,c,1993,1995,250000
5,6,5,p,1993,1995,250000
6,11,1,e,1993,1995,250000
6,15,1,e,1993,1993,250000
6,17,1,e,1993,1995,250000
6,12,3,c,1993,1996,250000
6,13,0,c,1993,1996,250000
6,0,3,c,1993,1993,250000
6,17,0,c,1993,1995,250000
6,19,3,c,1993,1997,250000
6,11,4,p,1993,1994,250000
6,15,4,p,1993,1993,250000
1,3,0,e,1994,1997,250000
1,3,1,c,1994,1997,250000
5,7,5,p,1994,1996,250000
6,12,1,e,1994,1994,250000
6,13,1,e,1994,1996,250000
6,15,1,e,1994,1994,250000
6,0,1,e,1994,1994,250000
6,16,1,e,1994,1995,250000
6,18,1,e,1994,1995,250000
6,15,0,c,1994,1995,250000
6,0,3,c,1994,1997,250000
6,18,0,c,1994,1996,250000
6,15,5,p,1994,1998,250000
6,0,5,p,1994,1994,250000
6,17,4,p,1994,1995,250000
6,18,4,p,1994,1997,250000
6,19,5,p,1994,1996,250000
1,1,0,e,1995,1997,250000
1,5,1,e,1995,1996,250000
1,1,0,c,1995,1998,250000
1,4,1,c,1995,1998,250000
1,5,1,c,1995,1995,250000
1,4,4,p,1995,1999,250000
5,7,1,e,1995,1996,250000
5,8,5,p,1995,1997,250000
6,12,1,e,1995,1996,250000
6,14,1,e,1995,1999,250000
6,15,1,e,1995,1995,250000
6,0,1,e,1995,1998,250000
6,19,1,e,1995,1999,250000
6,11,2,c,1995,1999,250000
6,16,3,c,1995,1996,250000
6,11,5,p,1995,1999,250000
6,12,5,p,1995,1995,250000
6,14,5,p,1995,1998,250000
6,0,5,p,1995,1999,250000
1,4,0,e,1996,1996,250000
1,2,1,c,1996,1997,250000
1,5,1,c,1996,2000,250000
1,2,4,p,1996,2000,250000
1,3,4,p,1996,1996,250000
1,5,4,p,1996,1997,250000
5,6,0,e,1996,1998,250000
5,9,0,e,1996,1996,250000
5,6,2,c,1996,1999,250000
5,7,0,c,1996,1999,250000
5,8,0,c,1996,1997,250000
5,10,0,c,1996,2000,250000
5,6,5,p,1996,1999,250000
5,9,5,p,1996,2000,250000
5,10,5,p,1996,1997,250000
6,11,1,e,1996,1996,250000
6,15,1,e,1996,1997,250000
6,16,1,e,1996,1999,250000
6,17,1,e,1996,1997,250000
6,18,1,e,1996,1997,250000
6,14,2,c,1996,2000,250000
6,15,3,c,1996,2000,250000
6,17,3,c,1996,1998,250000
6,12,5,p,1996,1999,250000
6,13,4,p,1996,1999,250000
6,16,4,p,1996,1996,250000
6,17,4,p,1996,1997,250000
1,4,0,e,1997,1999,250000
1,5,1,e,1997,1999,250000
1,1,4,p,1997,2000,250000
1,3,4,p,1997,2001,250000
5,7,1,e,1997,2000,250000
5,8,1,e,1997,1997,250000
5,9,0,e,1997,2001,250000
5,9,2,c,1997,1998,250000
5,7,5,p,1997,1999,250000
6,11,1,e,1997,1997,250000
6,12,1,e,1997,1997,250000
6,13,1,e,1997,2000,250000
6,12,0,c,1997,1999,250000
6,13,3,c,1997,2001,250000
6,16,0,c,1997,2000,250000
6,18,2,c,1997,1998,250000
6,16,5,p,1997,2000,250000
6,19,5,p,1997,2000,250000
1,1,0,e,1998,2001,250000
1,2,1,e,1998,2002,250000
1,3,1,e,1998,2001,250000
1,2,1,c,1998,2001,250000
1,3,1,c,1998,2000,250000
1,5,4,p,1998,1998,250000
5,8,0,e,1998,2001,250000
5,10,1,e,1998,1998,250000
5,8,0,c,1998,2000,250000
5,8,5,p,1998,2002,250000
5,10,5,p,1998,1999,250000
6,11,1,e,1998,2002,250000
6,12,1,e,1998,1999,250000
6,15,1,e,1998,1999,250000
6,17,1,e,1998,2002,250000
6,18,1,e,1998,1999,250000
6,0,2,c,1998,2002,250000
6,19,2,c,1998,1999,250000
6,17,5,p,1998,2001,250000
6,18,5,p,1998,1999,250000
1,1,1,c,1999,1999,250000
1,4,1,c,1999,2000,250000
1,5,4,p,1999,2000,250000
5,6,1,e,1999,1999,250000
5,10,0,e,1999,1999,250000
5,9,0,c,1999,2002,250000
6,0,1,e,1999,2003,250000
6,17,0,c,1999,2001,250000
6,18,0,c,1999,2002,250000
6,14,5,p,1999,2003,250000
6,15,4,p,1999,2001,250000
1,4,1,e,2000,2003,250000
1,5,0,e,2000,2001,250000
1,1,1,c,2000,2003,250000
1,4,4,p,2000,2001,250000
5,6,0,e,2000,2004,250000
5,10,0,e,2000,2002,250000
5,6,0,c,2000,2000,250000
5,7,2,c,2000,2002,250000
5,6,5,p,2000,2002,250000
5,7,5,p,2000,2004,250000
5,10,5,p,2000,2004,250000
6,12,1,e,2000,2004,250000
6,14,1,e,2000,2003,250000
6,15,1,e,2000,2000,250000
6,16,1,e,2000,2000,250000
6,18,1,e,2000,2002,250000
6,19,1,e,2000,2004,250000
6,11,3,c,2000,2003,250000
6,12,2,c,2000,2000,250000
6,19,3,c,2000,2001,250000
6,11,5,p,2000,2000,250000
6,12,4,p,2000,2003,250000
6,13,5,p,2000,2000,250000
6,0,4,p,2000,2003,250000
6,18,4,p,2000,2000,250000
1,3,1,c,2001,2001,250000
1,4,1,c,2001,2005,250000
1,5,0,c,2001,2005,250000
1,1,4,p,2001,2005,250000
1,2,4,p,2001,2004,250000
1,5,4,p,2001,2005,250000
5,7,0,e,2001,2005,250000
5,6,0,c,2001,2005,250000
5,8,0,c,2001,2005,250000
5,10,0,c,2001,2005,250000
5,9,5,p,2001,2003,250000
6,13,1,e,2001,2003,250000
6,15,1,e,2001,2002,250000
6,16,1,e,2001,2003,250000
6,12,2,c,2001,2004,250000
6,14,0,c,2001,2002,250000
6,15,2,c,2001,2005,250000
6,16,0,c,2001,2005,250000
6,11,4,p,2001,2005,250000
6,13,4,p,2001,2005,250000
6,16,4,p,2001,2001,250000
6,18,5,p,2001,2005,250000
6,19,5,p,2001,2001,250000
1,1,1,e,2002,2004,250000
1,3,1,e,2002,2005,250000
1,5,1,e,2002,2003,250000
1,2,1,c,2002,2005,250000
1,3,1,c,2002,2003,250000
1,3,4,p,2002,2004,250000
1,4,4,p,2002,2003,250000
5,8,1,e,2002,2004,250000
5,9,1,e,2002,2004,250000
6,13,3,c,2002,2002,250000
6,17,3,c,2002,2006,250000
6,19,0,c,2002,2006,250000
6,15,5,p,2002,2006,250000
6,16,4,p,2002,2003,250000
6,17,5,p,2002,2004,250000
6,19,4,p,2002,2004,250000
1,2,0,e,2003,2007,250000
5,10,1,e,2003,2005,250000
5,7,2,c,2003,2007,250000
5,9,0,c,2003,2003,250000
5,6,5,p,2003,2007,250000
5,8,5,p,2003,2003,250000
6,11,1,e,2003,2006,250000
6,15,1,e,2003,2003,250000
6,17,1,e,2003,2007,250000
6,18,1,e,2003,2004,250000
6,13,2,c,2003,2005,250000
6,14,0,c,2003,2007,250000
6,0,2,c,2003,2004,250000
6,18,3,c,2003,2004,250000
1,4,1,e,2004,2007,250000
1,5,1,e,2004,2004,250000
1,1,0,c,2004,2008,250000
1,3,0,c,2004,2006,250000
1,4,4,p,2004,2008,250000
5,9,0,c,2004,2006,250000
5,8,5,p,2004,2005,250000
5,9,5,p,2004,2005,250000
6,13,1,e,2004,2006,250000
6,14,1,e,2004,2005,250000
6,15,1,e,2004,2006,250000
6,0,1,e,2004,2004,250000
6,16,1,e,2004,2008,250000
6,11,0,c,2004,2004,250000
6,12,4,p,2004,2005,250000
6,14,5,p,2004,2007,250000
6,0,4,p,2004,2006,250000
6,16,5,p,2004,2007,250000
1,1,1,e,2005,2005,250000
1,5,0,e,2005,2006,250000
1,2,4,p,2005,2007,250000
1,3,4,p,2005,2009,250000
5,6,1,e,2005,2007,250000
5,8,0,e,2005,2007,250000
5,9,1,e,2005,2009,250000
5,7,5,p,2005,2009,250000
5,10,5,p,2005,2005,250000
6,12,1,e,2005,2007,250000
6,0,1,e,2005,2009,250000
6,18,1,e,2005,2007,250000
6,19,1,e,2005,2007,250000
6,11,2,c,2005,2006,250000
6,12,2,c,2005,2008,250000
6,0,3,c,2005,2009,250000
6,18,2,c,2005,2006,250000
6,17,4,p,2005,2007,250000
6,19,5,p,2005,2006,250000
1,1,1,e,2006,2009,250000
1,3,1,e,2006,2007,250000
1,2,1,c,2006,2008,250000
1,4,0,c,2006,2008,250000
1,5,1,c,2006,2009,250000
1,1,4,p,2006,2009,250000
1,5,4,p,2006,2008,250000
5,7,1,e,2006,2006,250000
5,10,0,e,2006,2008,250000
5,6,2,c,2006,2008,250000
5,8,2,c,2006,2006,250000
5,10,2,c,2006,2006,250000
5,8,5,p,2006,2006,250000
5,9,5,p,2006,2007,250000
5,10,5,p,2006,2010,250000
6,14,1,e,2006,2008,250000
6,13,0,c,2006,2008,250000
6,15,3,c,2006,2007,250000
6,16,2,c,2006,2007,250000
6,11,4,p,2006,2006,250000
6,12,4,p,2006,2007,250000
6,13,5,p,2006,2007,250000
6,18,5,p,2006,2006,250000
1,5,0,e,2007,2011,250000
1,3,0,c,2007,2011,250000
5,7,0,e,2007,2007,250000
5,8,0,c,2007,2009,250000
5,9,2,c,2007,2007,250000
5,10,2,c,2007,2011,250000
5,8,5,p,2007,2008,250000
6,11,1,e,2007,2010,250000
6,13,1,e,2007,2011,250000
6,15,1,e,2007,2009,250000
6,11,2,c,2007,2008,250000
6,17,2,c,2007,2007,250000
6,18,3,c,2007,2009,250000
6,19,0,c,2007,2008,250000
6,11,5,p,2007,2010,250000
6,15,4,p,2007,2009,250000
6,0,4,p,2007,2010,250000
6,18,5,p,2007,2008,250000
6,19,5,p,2007,2009,250000
1,2,0,e,2008,2009,250000
1,3,1,e,2008,2010,250000
1,4,1,e,2008,2009,250000
1,2,4,p,2008,2012,250000
5,6,1,e,2008,2009,250000
5,7,1,e,2008,2009,250000
5,8,0,e,2008,2009,250000
5,7,0,c,2008,2011,250000
5,9,2,c,2008,2012,250000
5,6,5,p,2008,2012,250000
5,9,5,p,2008,2012,250000
6,12,1,e,2008,2010,250000
6,17,1,e,2008,2009,250000
6,18,1,e,2008,2008,250000
6,19,1,e,2008,2009,250000
6,14,2,c,2008,2010,250000
6,15,3,c,2008,2011,250000
6,16,2,c,2008,2010,250000
6,17,2,c,2008,2012,250000
6,12,4,p,2008,2009,250000
6,13,5,p,2008,2012,250000
6,14,4,p,2008,2011,250000
6,16,4,p,2008,2008,250000
6,17,4,p,2008,2012,250000
1,1,1,c,2009,2009,250000
1,2,1,c,2009,2010,250000
1,4,0,c,2009,2011,250000
1,4,4,p,2009,2011,250000
1,5,4,p,2009,2012,250000
5,10,0,e,2009,2011,250000
5,6,2,c,2009,2012,250000
5,8,5,p,2009,2012,250000
6,14,1,e,2009,2013,250000
6,16,1,e,2009,2011,250000
6,18,1,e,2009,2012,250000
6,11,2,c,2009,2012,250000
6,12,0,c,2009,2010,250000
6,13,0,c,2009,2010,250000
6,19,0,c,2009,2012,250000
6,16,5,p,2009,2010,250000
6,18,4,p,2009,2010,250000
1,1,0,e,2010,2010,250000
1,2,1,e,2010,2013,250000
1,4,0,e,2010,2013,250000
1,1,1,c,2010,2013,250000
1,5,1,c,2010,2013,250000
1,1,4,p,2010,2013,250000
1,3,4,p,2010,2010,250000
5,6,1,e,2010,2012,250000
5,7,1,e,2010,2012,250000
5,8,1,e,2010,2011,250000
5,9,0,e,2010,2012,250000
5,8,2,c,2010,2014,250000
5,7,5,p,2010,2014,250000
6,15,1,e,2010,2014,250000
6,0,1,e,2010,2012,250000
6,17,1,e,2010,2013,250000
6,19,1,e,2010,2012,250000
6,0,2,c,2010,2013,250000
6,18,3,c,2010,2012,250000
6,12,5,p,2010,2014,250000
6,15,5,p,2010,2012,250000
6,19,4,p,2010,2011,250000
1,1,0,e,2011,2015,250000
1,3,0,e,2011,2015,250000
1,2,1,c,2011,2012,250000
1,3,4,p,2011,2013,250000
5,10,5,p,2011,2013,250000
6,11,1,e,2011,2014,250000
6,12,1,e,2011,2015,250000
6,12,3,c,2011,2014,250000
6,13,0,c,2011,2012,250000
6,14,2,c,2011,2015,250000
6,16,2,c,2011,2015,250000
6,11,4,p,2011,2011,250000
6,0,4,p,2011,2011,250000
6,16,4,p,2011,2011,250000
6,18,5,p,2011,2012,250000
1,5,0,e,2012,2013,250000
1,3,0,c,2012,2015,250000
1,4,0,c,2012,2015,250000
1,4,4,p,2012,2013,250000
5,8,0,e,2012,2014,250000
5,10,1,e,2012,2014,250000
5,7,2,c,2012,2012,250000
5,10,0,c,2012,2013,250000
6,13,1,e,2012,2016,250000
6,16,1,e,2012,2014,250000
6,15,0,c,2012,2016,250000
6,11,4,p,2012,2013,250000
6,14,5,p,2012,2016,250000
6,0,4,p,2012,2015,250000
6,16,5,p,2012,2012,250000
6,19,4,p,2012,2014,250000
1,2,0,c,2013,2015,250000
1,2,4,p,2013,2015,250000
1,5,4,p,2013,2013,250000
5,6,0,e,2013,2016,250000
5,7,1,e,2013,2016,250000
5,9,1,e,2013,2014,250000
5,6,0,c,2013,2015,250000
5,7,2,c,2013,2014,250000
5,9,2,c,2013,2013,250000
5,6,5,p,2013,2017,250000
5,8,5,p,2013,2014,250000
5,9,5,p,2013,2015,250000
6,0,1,e,2013,2013,250000
6,18,1,e,2013,2013,250000
6,19,1,e,2013,2014,250000
6,11,3,c,2013,2013,250000
6,13,3,c,2013,2014,250000
6,17,3,c,2013,2014,250000
6,18,3,c,2013,2013,250000
6,19,3,c,2013,2016,250000
6,13,5,p,2013,2015,250000
6,15,4,p,2013,2013,250000
6,16,4,p,2013,2017,250000
6,17,4,p,2013,2015,250000
6,18,4,p,2013,2013,250000
1,2,1,e,2014,2014,250000
1,4,0,e,2014,2014,250000
1,5,1,e,2014,2015,250000
1,1,0,c,2014,2015,250000
1,5,1,c,2014,2016,250000
1,1,4,p,2014,2015,250000
1,3,4,p,2014,2015,250000
1,4,4,p,2014,2016,250000
1,5,4,p,2014,2017,250000
5,9,0,c,2014,2017,250000
5,10,0,c,2014,2014,250000
5,10,5,p,2014,2014,250000
6,14,1,e,2014,2014,250000
6,0,1,e,2014,2017,250000
6,17,1,e,2014,2016,250000
6,18,1,e,2014,2014,250000
6,11,2,c,2014,2018,250000
6,0,0,c,2014,2016,250000
6,18,2,c,2014,2016,250000
6,11,5,p,2014,2016,250000
6,15,5,p,2014,2018,250000
6,18,5,p,2014,2015,250000
1,2,1,e,2015,2017,250000
1,4,0,e,2015,2016,250000
5,8,0,e,2015,2019,250000
5,9,1,e,2015,2015,250000
5,10,0,e,2015,2017,250000
5,7,0,c,2015,2019,250000
5,8,2,c,2015,2015,250000
5,10,2,c,2015,2019,250000
5,7,5,p,2015,2016,250000
5,8,5,p,2015,2018,250000
5,10,5,p,2015,2018,250000
6,11,1,e,2015,2016,250000
6,14,1,e,2015,2015,250000
6,15,1,e,2015,2015,250000
6,16,1,e,2015,2017,250000
6,18,1,e,2015,2015,250000
6,19,1,e,2015,2015,250000
6,12,3,c,2015,2017,250000
6,13,2,c,2015,2016,250000
6,17,3,c,2015,2019,250000
6,12,4,p,2015,2018,250000
6,19,4,p,2015,2015,250000
1,1,0,e,2016,2020,250000
1,3,0,e,2016,2020,250000
1,5,0,e,2016,2020,250000
1,1,1,c,2016,2016,250000
1,2,0,c,2016,2016,250000
1,3,0,c,2016,2019,250000
1,4,1,c,2016,2020,250000
1,1,4,p,2016,2020,250000
1,2,4,p,2016,2017,250000
1,3,4,p,2016,2020,250000
5,9,1,e,2016,2020,250000
5,6,0,c,2016,2016,250000
5,8,0,c,2016,2018,250000
5,9,5,p,2016,2018,250000
6,12,1,e,2016,2017,250000
6,14,1,e,2016,2020,250000
6,15,1,e,2016,2016,250000
6,18,1,e,2016,2018,250000
6,19,1,e,2016,2020,250000
6,14,0,c,2016,2016,250000
6,16,2,c,2016,2020,250000
6,13,4,p,2016,2018,250000
6,0,5,p,2016,2019,250000
6,17,5,p,2016,2016,250000
6,18,4,p,2016,2017,250000
6,19,5,p,2016,2017,250000
1,4,1,e,2017,2018,250000
1,1,1,c,2017,2020,250000
1,2,0,c,2017,2020,250000
1,5,0,c,2017,2021,250000
1,4,4,p,2017,2019,250000
5,6,0,e,2017,2019,250000
5,7,0,e,2017,2017,250000
5,6,0,c,2017,2019,250000
5,7,5,p,2017,2020,250000
6,11,1,e,2017,2020,250000
6,13,1,e,2017,2021,250000
6,15,1,e,2017,2019,250000
6,17,1,e,2017,2020,250000
6,13,3,c,2017,2018,250000
6,14,3,c,2017,2019,250000
6,15,0,c,2017,2019,250000
6,0,2,c,2017,2020,250000
6,18,0,c,2017,2020,250000
6,19,3,c,2017,2017,250000
6,11,4,p,2017,2017,250000
6,14,4,p,2017,2019,250000
6,17,5,p,2017,2020,250000
1,2,0,e,2018,2022,250000
1,2,4,p,2018,2021,250000
1,5,4,p,2018,2019,250000
5,7,1,e,2018,2021,250000
5,10,1,e,2018,2019,250000
5,9,0,c,2018,2021,250000
5,6,5,p,2018,2018,250000
6,12,1,e,2018,2022,250000
6,0,1,e,2018,2020,250000
6,16,1,e,2018,2021,250000
6,12,0,c,2018,2018,250000
6,19,2,c,2018,2018,250000
6,11,5,p,2018,2018,250000
6,16,4,p,2018,2019,250000
6,18,4,p,2018,2019,250000
6,19,5,p,2018,2020,250000
1,4,1,e,2019,2022,250000
5,8,0,c,2019,2021,250000
5,6,5,p,2019,2021,250000
5,8,5,p,2019,2022,250000
5,9,5,p,2019,2022,250000
5,10,5,p,2019,2022,250000
6,18,1,e,2019,2022,250000
6,11,3,c,2019,2022,250000
6,12,2,c,2019,2020,250000
6,13,2,c,2019,2020,250000
6,19,3,c,2019,2021,250000
6,11,5,p,2019,2023,250000
6,12,5,p,2019,2021,250000
6,13,5,p,2019,2021,250000
6,15,4,p,2019,2021,250000
1,3,0,c,2020,2021,250000
1,4,4,p,2020,2020,250000
1,5,4,p,2020,2021,250000
5,6,0,e,2020,2022,250000
5,8,0,e,2020,2020,250000
5,10,0,e,2020,2023,250000
5,6,2,c,2020,2020,250000
5,7,2,c,2020,2022,250000
5,10,0,c,2020,2023,250000
6,15,1,e,2020,2022,250000
6,14,3,c,2020,2023,250000
6,15,2,c,2020,2024,250000
6,17,3,c,2020,2020,250000
6,14,4,p,2020,2023,250000
6,0,5,p,2020,2020,250000
6,16,5,p,2020,2024,250000
6,18,5,p,2020,2021,250000
1,1,1,e,2021,2024,250000
1,3,1,e,2021,2025,250000
1,5,0,e,2021,2021,250000
1,1,0,c,2021,2024,250000
1,2,1,c,2021,2022,250000
1,4,1,c,2021,2021,250000
1,1,4,p,2021,2023,250000
1,3,4,p,2021,2024,250000
1,4,4,p,2021,2024,250000
5,8,0,e,2021,2023,250000
5,9,1,e,2021,2023,250000
5,6,2,c,2021,2022,250000
5,7,5,p,2021,2021,250000
6,11,1,e,2021,2021,250000
6,14,1,e,2021,2024,250000
6,0,1,e,2021,2024,250000
6,17,1,e,2021,2025,250000
6,19,1,e,2021,2024,250000
6,12,0,c,2021,2025,250000
6,13,3,c,2021,2021,250000
6,0,0,c,2021,2021,250000
6,16,0,c,2021,2025,250000
6,17,2,c,2021,2025,250000
6,18,3,c,2021,2022,250000
6,0,5,p,2021,2024,250000
6,17,5,p,2021,2024,250000
6,19,5,p,2021,2025,250000
1,5,0,e,2022,2024,250000
1,3,1,c,2022,2025,250000
1,4,1,c,2022,2024,250000
1,5,0,c,2022,2023,250000
1,2,4,p,2022,2024,250000
1,5,4,p,2022,2026,250000
5,7,0,e,2022,2024,250000
5,8,2,c,2022,2026,250000
5,9,0,c,2022,2022,250000
5,6,5,p,2022,2026,250000
5,7,5,p,2022,2024,250000
6,11,1,e,2022,2022,250000
6,13,1,e,2022,2026,250000
6,16,1,e,2022,2023,250000
6,13,0,c,2022,2026,250000
6,0,3,c,2022,2022,250000
6,19,3,c,2022,2023,250000
6,12,4,p,2022,2022,250000
6,13,5,p,2022,2022,250000
6,15,5,p,2022,2025,250000
6,18,5,p,2022,2022,250000
1,2,0,e,2023,2024,250000
1,4,1,e,2023,2023,250000
1,2,0,c,2023,2026,250000
5,6,1,e,2023,2023,250000
5,6,2,c,2023,2025,250000
5,7,0,c,2023,2027,250000
5,9,2,c,2023,2025,250000
5,8,5,p,2023,2024,250000
5,9,5,p,2023,2026,250000
5,10,5,p,2023,2026,250000
6,11,1,e,2023,2023,250000
6,12,1,e,2023,2027,250000
6,15,1,e,2023,2027,250000
6,18,1,e,2023,2023,250000
6,11,2,c,2023,2023,250000
6,0,2,c,2023,2025,250000
6,18,3,c,2023,2023,250000
6,12,5,p,2023,2023,250000
6,13,4,p,2023,2026,250000
6,18,4,p,2023,2024,250000
1,4,1,e,2024,2026,250000
1,5,1,c,2024,2025,250000
1,1,4,p,2024,2028,250000
5,6,1,e,2024,2024,250000
5,8,0,e,2024,2028,250000
5,9,1,e,2024,2028,250000
5,10,1,e,2024,2024,250000
5,10,2,c,2024,2024,250000
6,11,1,e,2024,2024,250000
6,16,1,e,2024,2028,250000
6,18,1,e,2024,2025,250000
6,11,2,c,2024,2025,250000
6,14,0,c,2024,2024,250000
6,18,0,c,2024,2027,250000
6,19,0,c,2024,2024,250000
6,11,4,p,2024,2024,250000
6,12,5,p,2024,2024,250000
6,14,4,p,2024,2026,250000
1,1,0,e,2025,2029,250000
1,2,1,e,2025,2025,250000
1,5,1,e,2025,2026,250000
1,1,0,c,2025,2029,250000
1,4,1,c,2025,2027,250000
1,2,4,p,2025,2026,250000
1,3,4,p,2025,2028,250000
1,4,4,p,2025,2025,250000
5,6,1,e,2025,2027,250000
5,7,0,e,2025,2028,250000
5,10,0,e,2025,2025,250000
5,10,2,c,2025,2028,250000
5,7,5,p,2025,2027,250000
5,8,5,p,2025,2025,250000
6,11,1,e,2025,2027,250000
6,14,1,e,2025,2026,250000
6,0,1,e,2025,2025,250000
6,19,1,e,2025,2026,250000
6,14,3,c,2025,2028,250000
6,15,0,c,2025,2025,250000
6,19,3,c,2025,2027,250000
6,11,5,p,2025,2029,250000
6,12,5,p,2025,2028,250000
6,0,4,p,2025,2026,250000
6,16,4,p,2025,2026,250000
6,17,4,p,2025,2027,250000
6,18,5,p,2025,2027,250000
