raceId,driverId,teamId,carId,position
1,907,3,2,1
1,917,4,15,2
1,899,2,11,3
1,895,5,3,4
1,914,5,8,5
1,905,1,0,6
1,909,1,4,7
1,911,4,12,8
1,901,2,1,9
1,916,4,7,10
1,915,2,16,11
1,913,3,14,12
1,918,4,18,13
1,893,3,17,14
1,908,2,13,15
1,902,1,6,16
1,920,5,19,17
1,889,1,9,18
1,912,3,10,19
1,903,5,5,20
2,923,8,4,1
2,924,6,13,2
2,919,7,12,3
2,922,9,15,4
2,910,8,0,5
2,906,7,3,6
2,897,10,1,7
2,921,7,14,8
2,896,6,6,9
2,927,9,8,10
2,904,10,5,11
2,891,10,19,12
2,926,8,7,13
2,887,6,2,14
2,928,10,9,15
2,929,9,11,16
2,932,9,18,17
2,925,6,16,18
2,900,8,10,19
2,930,7,17,20
3,931,14,1,1
3,881,16,6,2
3,882,11,0,3
3,935,11,8,4
3,898,15,2,5
3,933,0,3,6
3,894,14,11,7
3,934,18,7,8
3,875,19,5,9
3,936,12,9,10
3,883,17,4,11
3,890,13,10,12
4,901,2,1,1
4,905,1,0,2
4,899,2,11,3
4,909,1,4,4
4,903,5,5,5
4,911,4,12,6
4,913,3,14,7
4,893,3,17,8
4,907,3,2,9
4,895,5,3,10
4,915,2,16,11
4,908,2,13,12
4,917,4,15,13
4,914,5,8,14
4,889,1,9,15
4,920,5,19,16
4,912,3,10,17
4,918,4,18,18
4,902,1,6,19
4,916,4,7,20
5,922,9,15,1
5,923,8,4,2
5,906,7,3,3
5,928,10,9,4
5,924,6,13,5
5,910,8,0,6
5,921,7,14,7
5,887,6,2,8
5,919,7,12,9
5,927,9,8,10
5,896,6,6,11
5,925,6,16,12
5,926,8,7,13
5,929,9,11,14
5,932,9,18,15
5,900,8,10,16
5,930,7,17,17
5,891,10,19,18
5,904,10,5,19
5,897,10,1,20
6,931,14,1,1
6,881,16,6,2
6,936,12,9,3
6,933,0,3,4
6,883,17,4,5
6,882,11,0,6
6,934,18,7,7
6,890,13,10,8
6,898,15,2,9
6,894,14,11,10
6,875,19,5,11
6,935,11,8,12
7,905,1,0,1
7,918,4,18,2
7,901,2,1,3
7,899,2,11,4
7,909,1,4,5
7,908,2,13,6
7,907,3,2,7
7,911,4,12,8
7,913,3,14,9
7,895,5,3,10
7,893,3,17,11
7,917,4,15,12
7,889,1,9,13
7,914,5,8,14
7,920,5,19,15
7,912,3,10,16
7,902,1,6,17
7,916,4,7,18
7,915,2,16,19
7,903,5,5,20
8,919,7,12,1
8,923,8,4,2
8,897,10,1,3
8,921,7,14,4
8,924,6,13,5
8,922,9,15,6
8,887,6,2,7
8,910,8,0,8
8,927,9,8,9
8,926,8,7,10
8,896,6,6,11
8,925,6,16,12
8,929,9,11,13
8,906,7,3,14
8,900,8,10,15
8,891,10,19,16
8,932,9,18,17
8,930,7,17,18
8,904,10,5,19
8,928,10,9,20
9,933,0,3,1
9,931,14,1,2
9,934,18,7,3
9,881,16,6,4
9,882,11,0,5
9,890,13,10,6
9,898,15,2,7
9,936,12,9,8
9,875,19,5,9
9,935,11,8,10
9,883,17,4,11
9,894,14,11,12
10,899,2,11,1
10,909,1,4,2
10,908,2,13,3
10,907,3,2,4
10,895,5,3,5
10,914,5,8,6
10,913,3,14,7
10,905,1,0,8
10,911,4,12,9
10,915,2,16,10
10,903,5,5,11
10,901,2,1,12
10,918,4,18,13
10,893,3,17,14
10,917,4,15,15
10,920,5,19,16
10,916,4,7,17
10,889,1,9,18
10,912,3,10,19
10,902,1,6,20
11,923,8,4,1
11,919,7,12,2
11,921,7,14,3
11,924,6,13,4
11,922,9,15,5
11,910,8,0,6
11,925,6,16,7
11,926,8,7,8
11,906,7,3,9
11,928,10,9,10
11,927,9,8,11
11,887,6,2,12
11,929,9,11,13
11,897,10,1,14
11,896,6,6,15
11,891,10,19,16
11,904,10,5,17
11,900,8,10,18
11,932,9,18,19
11,930,7,17,20
12,931,14,1,1
12,933,0,3,2
12,934,18,7,3
12,882,11,0,4
12,935,11,8,5
12,881,16,6,6
12,883,17,4,7
12,898,15,2,8
12,890,13,10,9
12,875,19,5,10
12,894,14,11,11
12,936,12,9,12
13,905,1,0,1
13,899,2,11,2
13,901,2,1,3
13,911,4,12,4
13,909,1,4,5
13,903,5,5,6
13,908,2,13,7
13,895,5,3,8
13,915,2,16,9
13,907,3,2,10
13,913,3,14,11
13,918,4,18,12
13,893,3,17,13
13,902,1,6,14
13,917,4,15,15
13,914,5,8,16
13,920,5,19,17
13,889,1,9,18
13,912,3,10,19
13,916,4,7,20
14,921,7,14,1
14,919,7,12,2
14,924,6,13,3
14,910,8,0,4
14,923,8,4,5
14,925,6,16,6
14,887,6,2,7
14,897,10,1,8
14,926,8,7,9
14,927,9,8,10
14,922,9,15,11
14,900,8,10,12
14,906,7,3,13
14,928,10,9,14
14,930,7,17,15
14,896,6,6,16
14,929,9,11,17
14,891,10,19,18
14,932,9,18,19
14,904,10,5,20
15,934,18,7,1
15,936,12,9,2
15,881,16,6,3
15,890,13,10,4
15,933,0,3,5
15,931,14,1,6
15,875,19,5,7
15,883,17,4,8
15,882,11,0,9
15,894,14,11,10
15,935,11,8,11
15,898,15,2,12
16,901,2,1,1
16,907,3,2,2
16,909,1,4,3
16,905,1,0,4
16,908,2,13,5
16,899,2,11,6
16,911,4,12,7
16,918,4,18,8
16,915,2,16,9
16,895,5,3,10
16,903,5,5,11
16,914,5,8,12
16,920,5,19,13
16,913,3,14,14
16,902,1,6,15
16,889,1,9,16
16,893,3,17,17
16,917,4,15,18
16,912,3,10,19
16,916,4,7,20
17,919,7,12,1
17,924,6,13,2
17,923,8,4,3
17,910,8,0,4
17,922,9,15,5
17,887,6,2,6
17,896,6,6,7
17,926,8,7,8
17,925,6,16,9
17,906,7,3,10
17,928,10,9,11
17,904,10,5,12
17,929,9,11,13
17,921,7,14,14
17,897,10,1,15
17,900,8,10,16
17,932,9,18,17
17,930,7,17,18
17,891,10,19,19
17,927,9,8,20
18,881,16,6,1
18,935,11,8,2
18,934,18,7,3
18,931,14,1,4
18,890,13,10,5
18,933,0,3,6
18,898,15,2,7
18,875,19,5,8
18,882,11,0,9
18,894,14,11,10
18,883,17,4,11
18,936,12,9,12
19,905,1,0,1
19,899,2,11,2
19,907,3,2,3
19,909,1,4,4
19,908,2,13,5
19,913,3,14,6
19,918,4,18,7
19,895,5,3,8
19,911,4,12,9
19,915,2,16,10
19,902,1,6,11
19,903,5,5,12
19,914,5,8,13
19,901,2,1,14
19,920,5,19,15
19,893,3,17,16
19,912,3,10,17
19,889,1,9,18
19,916,4,7,19
19,917,4,15,20
20,924,6,13,1
20,919,7,12,2
20,925,6,16,3
20,906,7,3,4
20,923,8,4,5
20,921,7,14,6
20,897,10,1,7
20,910,8,0,8
20,922,9,15,9
20,928,10,9,10
20,926,8,7,11
20,927,9,8,12
20,887,6,2,13
20,896,6,6,14
20,930,7,17,15
20,932,9,18,16
20,900,8,10,17
20,904,10,5,18
20,929,9,11,19
20,891,10,19,20
21,933,0,3,1
21,936,12,9,2
21,881,16,6,3
21,898,15,2,4
21,931,14,1,5
21,882,11,0,6
21,883,17,4,7
21,935,11,8,8
21,890,13,10,9
21,875,19,5,10
21,894,14,11,11
21,934,18,7,12
22,905,1,0,1
22,911,4,12,2
22,907,3,2,3
22,913,3,14,4
22,901,2,1,5
22,899,2,11,6
22,895,5,3,7
22,908,2,13,8
22,903,5,5,9
22,918,4,18,10
22,915,2,16,11
22,914,5,8,12
22,893,3,17,13
22,920,5,19,14
22,909,1,4,15
22,889,1,9,16
22,912,3,10,17
22,902,1,6,18
22,917,4,15,19
22,916,4,7,20
23,922,9,15,1
23,921,7,14,2
23,924,6,13,3
23,923,8,4,4
23,910,8,0,5
23,919,7,12,6
23,926,8,7,7
23,927,9,8,8
23,925,6,16,9
23,904,10,5,10
23,897,10,1,11
23,887,6,2,12
23,900,8,10,13
23,928,10,9,14
23,896,6,6,15
23,932,9,18,16
23,891,10,19,17
23,930,7,17,18
23,929,9,11,19
23,906,7,3,20
24,931,14,1,1
24,894,14,11,2
24,881,16,6,3
24,933,0,3,4
24,934,18,7,5
24,936,12,9,6
24,875,19,5,7
24,882,11,0,8
24,935,11,8,9
24,890,13,10,10
24,883,17,4,11
24,898,15,2,12
25,913,3,14,1
25,901,2,1,2
25,903,5,5,3
25,899,2,11,4
25,909,1,4,5
25,911,4,12,6
25,918,4,18,7
25,905,1,0,8
25,895,5,3,9
25,915,2,16,10
25,907,3,2,11
25,908,2,13,12
25,920,5,19,13
25,914,5,8,14
25,917,4,15,15
25,893,3,17,16
25,916,4,7,17
25,889,1,9,18
25,912,3,10,19
25,902,1,6,20
26,925,6,16,1
26,919,7,12,2
26,922,9,15,3
26,923,8,4,4
26,906,7,3,5
26,921,7,14,6
26,910,8,0,7
26,924,6,13,8
26,928,10,9,9
26,896,6,6,10
26,904,10,5,11
26,927,9,8,12
26,926,8,7,13
26,929,9,11,14
26,891,10,19,15
26,900,8,10,16
26,887,6,2,17
26,930,7,17,18
26,897,10,1,19
26,932,9,18,20
27,881,16,6,1
27,931,14,1,2
27,875,19,5,3
27,933,0,3,4
27,890,13,10,5
27,898,15,2,6
27,935,11,8,7
27,934,18,7,8
27,883,17,4,9
27,882,11,0,10
27,894,14,11,11
27,936,12,9,12
28,905,1,0,1
28,901,2,1,2
28,911,4,12,3
28,914,5,8,4
28,908,2,13,5
28,895,5,3,6
28,915,2,16,7
28,907,3,2,8
28,899,2,11,9
28,913,3,14,10
28,909,1,4,11
28,903,5,5,12
28,916,4,7,13
28,917,4,15,14
28,920,5,19,15
28,918,4,18,16
28,902,1,6,17
28,893,3,17,18
28,889,1,9,19
28,912,3,10,20
29,923,8,4,1
29,919,7,12,2
29,910,8,0,3
29,887,6,2,4
29,922,9,15,5
29,921,7,14,6
29,897,10,1,7
29,924,6,13,8
29,926,8,7,9
29,896,6,6,10
29,906,7,3,11
29,928,10,9,12
29,925,6,16,13
29,927,9,8,14
29,904,10,5,15
29,932,9,18,16
29,891,10,19,17
29,930,7,17,18
29,929,9,11,19
29,900,8,10,20
30,934,18,7,1
30,931,14,1,2
30,882,11,0,3
30,935,11,8,4
30,898,15,2,5
30,881,16,6,6
30,936,12,9,7
30,890,13,10,8
30,933,0,3,9
30,875,19,5,10
30,894,14,11,11
30,883,17,4,12
31,905,1,0,1
31,909,1,4,2
31,911,4,12,3
31,899,2,11,4
31,903,5,5,5
31,914,5,8,6
31,908,2,13,7
31,895,5,3,8
31,920,5,19,9
31,907,3,2,10
31,915,2,16,11
31,893,3,17,12
31,901,2,1,13
31,917,4,15,14
31,913,3,14,15
31,916,4,7,16
31,912,3,10,17
31,889,1,9,18
31,902,1,6,19
31,918,4,18,20
32,921,7,14,1
32,919,7,12,2
32,922,9,15,3
32,928,10,9,4
32,926,8,7,5
32,924,6,13,6
32,925,6,16,7
32,923,8,4,8
32,906,7,3,9
32,900,8,10,10
32,896,6,6,11
32,887,6,2,12
32,910,8,0,13
32,897,10,1,14
32,927,9,8,15
32,930,7,17,16
32,929,9,11,17
32,904,10,5,18
32,932,9,18,19
32,891,10,19,20
33,931,14,1,1
33,935,11,8,2
33,894,14,11,3
33,933,0,3,4
33,934,18,7,5
33,890,13,10,6
33,881,16,6,7
33,898,15,2,8
33,882,11,0,9
33,875,19,5,10
33,883,17,4,11
33,936,12,9,12
34,901,2,1,1
34,905,1,0,2
34,913,3,14,3
34,899,2,11,4
34,911,4,12,5
34,907,3,2,6
34,908,2,13,7
34,915,2,16,8
34,912,3,10,9
34,895,5,3,10
34,909,1,4,11
34,918,4,18,12
34,893,3,17,13
34,902,1,6,14
34,889,1,9,15
34,914,5,8,16
34,903,5,5,17
34,920,5,19,18
34,916,4,7,19
34,917,4,15,20
35,919,7,12,1
35,924,6,13,2
35,921,7,14,3
35,923,8,4,4
35,922,9,15,5
35,926,8,7,6
35,925,6,16,7
35,906,7,3,8
35,910,8,0,9
35,928,10,9,10
35,897,10,1,11
35,887,6,2,12
35,932,9,18,13
35,891,10,19,14
35,896,6,6,15
35,904,10,5,16
35,929,9,11,17
35,927,9,8,18
35,900,8,10,19
35,930,7,17,20
36,882,11,0,1
36,933,0,3,2
36,934,18,7,3
36,935,11,8,4
36,881,16,6,5
36,936,12,9,6
36,894,14,11,7
36,898,15,2,8
36,931,14,1,9
36,890,13,10,10
36,875,19,5,11
36,883,17,4,12
37,905,1,0,1
37,901,2,1,2
37,916,4,7,3
37,907,3,2,4
37,909,1,4,5
37,908,2,13,6
37,917,4,15,7
37,913,3,14,8
37,899,2,11,9
37,918,4,18,10
37,893,3,17,11
37,911,4,12,12
37,915,2,16,13
37,920,5,19,14
37,914,5,8,15
37,889,1,9,16
37,895,5,3,17
37,912,3,10,18
37,903,5,5,19
37,902,1,6,20
38,922,9,15,1
38,919,7,12,2
38,923,8,4,3
38,924,6,13,4
38,925,6,16,5
38,910,8,0,6
38,926,8,7,7
38,921,7,14,8
38,887,6,2,9
38,927,9,8,10
38,906,7,3,11
38,928,10,9,12
38,930,7,17,13
38,932,9,18,14
38,929,9,11,15
38,900,8,10,16
38,897,10,1,17
38,891,10,19,18
38,904,10,5,19
38,896,6,6,20
39,881,16,6,1
39,931,14,1,2
39,933,0,3,3
39,890,13,10,4
39,935,11,8,5
39,882,11,0,6
39,894,14,11,7
39,875,19,5,8
39,883,17,4,9
39,936,12,9,10
39,934,18,7,11
39,898,15,2,12
40,907,3,2,1
40,905,1,0,2
40,908,2,13,3
40,895,5,3,4
40,899,2,11,5
40,914,5,8,6
40,913,3,14,7
40,901,2,1,8
40,917,4,15,9
40,911,4,12,10
40,889,1,9,11
40,916,4,7,12
40,915,2,16,13
40,912,3,10,14
40,909,1,4,15
40,893,3,17,16
40,902,1,6,17
40,903,5,5,18
40,920,5,19,19
40,918,4,18,20
41,919,7,12,1
41,906,7,3,2
41,923,8,4,3
41,926,8,7,4
41,910,8,0,5
41,900,8,10,6
41,922,9,15,7
41,921,7,14,8
41,924,6,13,9
41,897,10,1,10
41,887,6,2,11
41,925,6,16,12
41,927,9,8,13
41,928,10,9,14
41,891,10,19,15
41,896,6,6,16
41,932,9,18,17
41,930,7,17,18
41,929,9,11,19
41,904,10,5,20
42,934,18,7,1
42,875,19,5,2
42,881,16,6,3
42,883,17,4,4
42,933,0,3,5
42,898,15,2,6
42,935,11,8,7
42,894,14,11,8
42,931,14,1,9
42,890,13,10,10
42,936,12,9,11
42,882,11,0,12
43,918,4,18,1
43,899,2,11,2
43,905,1,0,3
43,901,2,1,4
43,908,2,13,5
43,895,5,3,6
43,907,3,2,7
43,915,2,16,8
43,909,1,4,9
43,911,4,12,10
43,914,5,8,11
43,903,5,5,12
43,920,5,19,13
43,912,3,10,14
43,889,1,9,15
43,902,1,6,16
43,917,4,15,17
43,913,3,14,18
43,916,4,7,19
43,893,3,17,20
44,925,6,16,1
44,923,8,4,2
44,910,8,0,3
44,922,9,15,4
44,921,7,14,5
44,926,8,7,6
44,887,6,2,7
44,897,10,1,8
44,924,6,13,9
44,906,7,3,10
44,919,7,12,11
44,904,10,5,12
44,929,9,11,13
44,927,9,8,14
44,928,10,9,15
44,930,7,17,16
44,900,8,10,17
44,891,10,19,18
44,932,9,18,19
44,896,6,6,20
45,931,14,1,1
45,875,19,5,2
45,882,11,0,3
45,894,14,11,4
45,898,15,2,5
45,883,17,4,6
45,934,18,7,7
45,935,11,8,8
45,881,16,6,9
45,933,0,3,10
45,890,13,10,11
45,936,12,9,12
46,911,4,12,1
46,905,1,0,2
46,901,2,1,3
46,895,5,3,4
46,899,2,11,5
46,907,3,2,6
46,913,3,14,7
46,915,2,16,8
46,908,2,13,9
46,914,5,8,10
46,902,1,6,11
46,909,1,4,12
46,916,4,7,13
46,918,4,18,14
46,912,3,10,15
46,893,3,17,16
46,917,4,15,17
46,889,1,9,18
46,920,5,19,19
46,903,5,5,20
47,922,9,15,1
47,921,7,14,2
47,924,6,13,3
47,919,7,12,4
47,925,6,16,5
47,897,10,1,6
47,910,8,0,7
47,923,8,4,8
47,927,9,8,9
47,906,7,3,10
47,926,8,7,11
47,904,10,5,12
47,887,6,2,13
47,928,10,9,14
47,929,9,11,15
47,896,6,6,16
47,900,8,10,17
47,891,10,19,18
47,930,7,17,19
47,932,9,18,20
48,881,16,6,1
48,931,14,1,2
48,934,18,7,3
48,933,0,3,4
48,882,11,0,5
48,883,17,4,6
48,898,15,2,7
48,894,14,11,8
48,936,12,9,9
48,875,19,5,10
48,890,13,10,11
48,935,11,8,12
49,899,2,11,1
49,908,2,13,2
49,907,3,2,3
49,911,4,12,4
49,909,1,4,5
49,915,2,16,6
49,895,5,3,7
49,889,1,9,8
49,905,1,0,9
49,913,3,14,10
49,901,2,1,11
49,914,5,8,12
49,903,5,5,13
49,902,1,6,14
49,918,4,18,15
49,912,3,10,16
49,893,3,17,17
49,920,5,19,18
49,916,4,7,19
49,917,4,15,20
50,923,8,4,1
50,919,7,12,2
50,921,7,14,3
50,922,9,15,4
50,910,8,0,5
50,924,6,13,6
50,926,8,7,7
50,925,6,16,8
50,887,6,2,9
50,897,10,1,10
50,906,7,3,11
50,928,10,9,12
50,927,9,8,13
50,930,7,17,14
50,896,6,6,15
50,900,8,10,16
50,904,10,5,17
50,891,10,19,18
50,929,9,11,19
50,932,9,18,20
51,931,14,1,1
51,894,14,11,2
51,898,15,2,3
51,882,11,0,4
51,933,0,3,5
51,936,12,9,6
51,890,13,10,7
51,881,16,6,8
51,934,18,7,9
51,875,19,5,10
51,883,17,4,11
51,935,11,8,12
52,905,1,0,1
52,907,3,1,2
52,901,5,14,3
52,899,2,7,4
52,914,5,4,5
52,917,4,11,6
52,909,5,15,7
52,913,3,10,8
52,911,4,8,9
52,920,2,17,10
52,918,4,18,11
52,915,2,12,12
52,912,3,6,13
52,908,2,9,14
52,916,4,3,15
52,893,3,13,16
52,889,1,5,17
52,902,1,2,18
52,903,5,19,19
52,895,1,16,20
53,922,9,13,1
53,919,7,10,2
53,924,6,11,3
53,910,8,0,4
53,921,7,12,5
53,925,6,14,6
53,906,7,3,7
53,923,8,4,8
53,927,7,17,9
53,930,9,18,10
53,928,9,16,11
53,926,8,7,12
53,887,6,2,13
53,897,10,1,14
53,891,10,15,15
53,904,10,5,16
53,932,10,19,17
53,900,8,8,18
53,929,9,9,19
53,896,6,6,20
54,933,0,1,1
54,935,19,8,2
54,936,12,4,3
54,882,11,0,4
54,931,15,6,5
54,937,11,9,6
54,934,18,7,7
54,881,16,3,8
54,938,14,10,9
54,883,17,2,10
54,890,13,5,11
54,898,15,11,12
55,905,1,0,1
55,899,2,7,2
55,907,3,1,3
55,913,3,10,4
55,917,4,11,5
55,911,4,8,6
55,914,5,4,7
55,901,5,14,8
55,912,3,6,9
55,915,2,12,10
55,909,5,15,11
55,908,2,9,12
55,920,2,17,13
55,893,3,13,14
55,895,1,16,15
55,916,4,3,16
55,918,4,18,17
55,902,1,2,18
55,889,1,5,19
55,903,5,19,20
56,921,7,12,1
56,919,7,10,2
56,927,7,17,3
56,924,6,11,4
56,923,8,4,5
56,910,8,0,6
56,926,8,7,7
56,929,9,9,8
56,922,9,13,9
56,925,6,14,10
56,906,7,3,11
56,928,9,16,12
56,887,6,2,13
56,896,6,6,14
56,932,10,19,15
56,904,10,5,16
56,930,9,18,17
56,900,8,8,18
56,891,10,15,19
56,897,10,1,20
57,931,15,6,1
57,936,12,4,2
57,898,15,11,3
57,934,18,7,4
57,935,19,8,5
57,881,16,3,6
57,937,11,9,7
57,883,17,2,8
57,933,0,1,9
57,882,11,0,10
57,938,14,10,11
57,890,13,5,12
58,901,5,14,1
58,914,5,4,2
58,899,2,7,3
58,907,3,1,4
58,913,3,10,5
58,909,5,15,6
58,908,2,9,7
58,905,1,0,8
58,895,1,16,9
58,915,2,12,10
58,917,4,11,11
58,918,4,18,12
58,911,4,8,13
58,916,4,3,14
58,920,2,17,15
58,902,1,2,16
58,889,1,5,17
58,893,3,13,18
58,903,5,19,19
58,912,3,6,20
59,923,8,4,1
59,926,8,7,2
59,919,7,10,3
59,924,6,11,4
59,921,7,12,5
59,925,6,14,6
59,927,7,17,7
59,928,9,16,8
59,932,10,19,9
59,930,9,18,10
59,922,9,13,11
59,897,10,1,12
59,900,8,8,13
59,887,6,2,14
59,929,9,9,15
59,891,10,15,16
59,904,10,5,17
59,896,6,6,18
59,906,7,3,19
59,910,8,0,20
60,933,0,1,1
60,898,15,11,2
60,934,18,7,3
60,936,12,4,4
60,882,11,0,5
60,937,11,9,6
60,883,17,2,7
60,938,14,10,8
60,931,15,6,9
60,935,19,8,10
60,890,13,5,11
60,881,16,3,12
61,907,3,1,1
61,909,5,15,2
61,908,2,9,3
61,901,5,14,4
61,917,4,11,5
61,899,2,7,6
61,911,4,8,7
61,905,1,0,8
61,913,3,10,9
61,914,5,4,10
61,895,1,16,11
61,918,4,18,12
61,915,2,12,13
61,902,1,2,14
61,903,5,19,15
61,889,1,5,16
61,893,3,13,17
61,912,3,6,18
61,916,4,3,19
61,920,2,17,20
62,924,6,11,1
62,919,7,10,2
62,923,8,4,3
62,921,7,12,4
62,925,6,14,5
62,928,9,16,6
62,927,7,17,7
62,926,8,7,8
62,922,9,13,9
62,929,9,9,10
62,930,9,18,11
62,910,8,0,12
62,887,6,2,13
62,897,10,1,14
62,904,10,5,15
62,906,7,3,16
62,896,6,6,17
62,891,10,15,18
62,900,8,8,19
62,932,10,19,20
63,931,15,6,1
63,898,15,11,2
63,934,18,7,3
63,933,0,1,4
63,936,12,4,5
63,935,19,8,6
63,881,16,3,7
63,938,14,10,8
63,883,17,2,9
63,937,11,9,10
63,882,11,0,11
63,890,13,5,12
64,905,1,0,1
64,907,3,1,2
64,908,2,9,3
64,899,2,7,4
64,909,5,15,5
64,914,5,4,6
64,918,4,18,7
64,917,4,11,8
64,915,2,12,9
64,913,3,10,10
64,911,4,8,11
64,893,3,13,12
64,889,1,5,13
64,901,5,14,14
64,903,5,19,15
64,902,1,2,16
64,895,1,16,17
64,916,4,3,18
64,920,2,17,19
64,912,3,6,20
65,919,7,10,1
65,922,9,13,2
65,921,7,12,3
65,924,6,11,4
65,925,6,14,5
65,923,8,4,6
65,927,7,17,7
65,928,9,16,8
65,910,8,0,9
65,929,9,9,10
65,906,7,3,11
65,926,8,7,12
65,932,10,19,13
65,897,10,1,14
65,887,6,2,15
65,904,10,5,16
65,891,10,15,17
65,896,6,6,18
65,900,8,8,19
65,930,9,18,20
66,933,0,1,1
66,934,18,7,2
66,937,11,9,3
66,936,12,4,4
66,935,19,8,5
66,881,16,3,6
66,883,17,2,7
66,931,15,6,8
66,890,13,5,9
66,882,11,0,10
66,898,15,11,11
66,938,14,10,12
67,907,3,1,1
67,899,2,7,2
67,909,5,15,3
67,908,2,9,4
67,905,1,0,5
67,913,3,10,6
67,911,4,8,7
67,895,1,16,8
67,914,5,4,9
67,917,4,11,10
67,901,5,14,11
67,918,4,18,12
67,915,2,12,13
67,893,3,13,14
67,916,4,3,15
67,889,1,5,16
67,920,2,17,17
67,902,1,2,18
67,903,5,19,19
67,912,3,6,20
68,922,9,13,1
68,930,9,18,2
68,925,6,14,3
68,919,7,10,4
68,923,8,4,5
68,921,7,12,6
68,928,9,16,7
68,910,8,0,8
68,926,8,7,9
68,924,6,11,10
68,900,8,8,11
68,929,9,9,12
68,932,10,19,13
68,897,10,1,14
68,927,7,17,15
68,891,10,15,16
68,906,7,3,17
68,904,10,5,18
68,896,6,6,19
68,887,6,2,20
69,883,17,2,1
69,931,15,6,2
69,933,0,1,3
69,934,18,7,4
69,938,14,10,5
69,937,11,9,6
69,881,16,3,7
69,935,19,8,8
69,898,15,11,9
69,890,13,5,10
69,936,12,4,11
69,882,11,0,12
70,905,1,0,1
70,911,4,8,2
70,908,2,9,3
70,909,5,15,4
70,912,3,6,5
70,914,5,4,6
70,913,3,10,7
70,907,3,1,8
70,899,2,7,9
70,917,4,11,10
70,920,2,17,11
70,889,1,5,12
70,901,5,14,13
70,902,1,2,14
70,915,2,12,15
70,918,4,18,16
70,893,3,13,17
70,903,5,19,18
70,916,4,3,19
70,895,1,16,20
71,924,6,11,1
71,921,7,12,2
71,922,9,13,3
71,919,7,10,4
71,923,8,4,5
71,926,8,7,6
71,928,9,16,7
71,925,6,14,8
71,906,7,3,9
71,929,9,9,10
71,930,9,18,11
71,897,10,1,12
71,900,8,8,13
71,927,7,17,14
71,910,8,0,15
71,887,6,2,16
71,896,6,6,17
71,891,10,15,18
71,904,10,5,19
71,932,10,19,20
72,937,11,9,1
72,935,19,8,2
72,881,16,3,3
72,934,18,7,4
72,938,14,10,5
72,883,17,2,6
72,936,12,4,7
72,933,0,1,8
72,890,13,5,9
72,931,15,6,10
72,882,11,0,11
72,898,15,11,12
73,907,3,1,1
73,909,5,15,2
73,911,4,8,3
73,901,5,14,4
73,913,3,10,5
73,899,2,7,6
73,905,1,0,7
73,908,2,9,8
73,902,1,2,9
73,914,5,4,10
73,920,2,17,11
73,917,4,11,12
73,915,2,12,13
73,895,1,16,14
73,889,1,5,15
73,916,4,3,16
73,918,4,18,17
73,912,3,6,18
73,903,5,19,19
73,893,3,13,20
74,919,7,10,1
74,922,9,13,2
74,930,9,18,3
74,924,6,11,4
74,921,7,12,5
74,896,6,6,6
74,923,8,4,7
74,925,6,14,8
74,928,9,16,9
74,906,7,3,10
74,926,8,7,11
74,927,7,17,12
74,887,6,2,13
74,929,9,9,14
74,910,8,0,15
74,897,10,1,16
74,900,8,8,17
74,932,10,19,18
74,891,10,15,19
74,904,10,5,20
75,931,15,6,1
75,934,18,7,2
75,933,0,1,3
75,881,16,3,4
75,883,17,2,5
75,890,13,5,6
75,935,19,8,7
75,938,14,10,8
75,936,12,4,9
75,937,11,9,10
75,882,11,0,11
75,898,15,11,12
76,901,5,14,1
76,899,2,7,2
76,911,4,8,3
76,920,2,17,4
76,907,3,1,5
76,909,5,15,6
76,908,2,9,7
76,913,3,10,8
76,905,1,0,9
76,895,1,16,10
76,916,4,3,11
76,903,5,19,12
76,914,5,4,13
76,917,4,11,14
76,889,1,5,15
76,902,1,2,16
76,915,2,12,17
76,912,3,6,18
76,918,4,18,19
76,893,3,13,20
77,926,8,7,1
77,919,7,10,2
77,925,6,14,3
77,897,10,1,4
77,923,8,4,5
77,922,9,13,6
77,924,6,11,7
77,910,8,0,8
77,927,7,17,9
77,921,7,12,10
77,904,10,5,11
77,896,6,6,12
77,928,9,16,13
77,929,9,9,14
77,900,8,8,15
77,930,9,18,16
77,932,10,19,17
77,887,6,2,18
77,891,10,15,19
77,906,7,3,20
78,933,0,1,1
78,931,15,6,2
78,934,18,7,3
78,935,19,8,4
78,883,17,2,5
78,898,15,11,6
78,890,13,5,7
78,936,12,4,8
78,881,16,3,9
78,882,11,0,10
78,937,11,9,11
78,938,14,10,12
79,908,2,9,1
79,913,3,10,2
79,905,1,0,3
79,911,4,8,4
79,899,2,7,5
79,916,4,3,6
79,895,1,16,7
79,901,5,14,8
79,907,3,1,9
79,914,5,4,10
79,903,5,19,11
79,915,2,12,12
79,909,5,15,13
79,917,4,11,14
79,889,1,5,15
79,918,4,18,16
79,902,1,2,17
79,912,3,6,18
79,893,3,13,19
79,920,2,17,20
80,922,9,13,1
80,919,7,10,2
80,927,7,17,3
80,925,6,14,4
80,930,9,18,5
80,921,7,12,6
80,923,8,4,7
80,910,8,0,8
80,924,6,11,9
80,928,9,16,10
80,887,6,2,11
80,926,8,7,12
80,929,9,9,13
80,897,10,1,14
80,891,10,15,15
80,900,8,8,16
80,896,6,6,17
80,904,10,5,18
80,932,10,19,19
80,906,7,3,20
81,933,0,1,1
81,937,11,9,2
81,931,15,6,3
81,934,18,7,4
81,935,19,8,5
81,938,14,10,6
81,881,16,3,7
81,883,17,2,8
81,898,15,11,9
81,936,12,4,10
81,890,13,5,11
81,882,11,0,12
82,905,1,0,1
82,901,5,14,2
82,907,3,1,3
82,909,5,15,4
82,899,2,7,5
82,917,4,11,6
82,908,2,9,7
82,913,3,10,8
82,915,2,12,9
82,911,4,8,10
82,895,1,16,11
82,889,1,5,12
82,920,2,17,13
82,893,3,13,14
82,918,4,18,15
82,912,3,6,16
82,914,5,4,17
82,903,5,19,18
82,902,1,2,19
82,916,4,3,20
83,922,9,13,1
83,921,7,12,2
83,919,7,10,3
83,930,9,18,4
83,925,6,14,5
83,897,10,1,6
83,924,6,11,7
83,906,7,3,8
83,927,7,17,9
83,926,8,7,10
83,929,9,9,11
83,928,9,16,12
83,923,8,4,13
83,887,6,2,14
83,910,8,0,15
83,900,8,8,16
83,891,10,15,17
83,896,6,6,18
83,904,10,5,19
83,932,10,19,20
84,934,18,7,1
84,933,0,1,2
84,935,19,8,3
84,936,12,4,4
84,937,11,9,5
84,881,16,3,6
84,890,13,5,7
84,883,17,2,8
84,931,15,6,9
84,882,11,0,10
84,898,15,11,11
84,938,14,10,12
85,905,1,0,1
85,909,5,15,2
85,901,5,14,3
85,908,2,9,4
85,895,1,16,5
85,907,3,1,6
85,913,3,10,7
85,899,2,7,8
85,917,4,11,9
85,918,4,18,10
85,911,4,8,11
85,914,5,4,12
85,915,2,12,13
85,889,1,5,14
85,920,2,17,15
85,902,1,2,16
85,893,3,13,17
85,912,3,6,18
85,916,4,3,19
85,903,5,19,20
86,924,6,11,1
86,923,8,4,2
86,929,9,9,3
86,925,6,14,4
86,927,7,17,5
86,922,9,13,6
86,926,8,7,7
86,910,8,0,8
86,928,9,16,9
86,919,7,10,10
86,897,10,1,11
86,921,7,12,12
86,896,6,6,13
86,887,6,2,14
86,930,9,18,15
86,900,8,8,16
86,906,7,3,17
86,932,10,19,18
86,904,10,5,19
86,891,10,15,20
87,931,15,6,1
87,934,18,7,2
87,933,0,1,3
87,935,19,8,4
87,938,14,10,5
87,890,13,5,6
87,936,12,4,7
87,883,17,2,8
87,881,16,3,9
87,937,11,9,10
87,898,15,11,11
87,882,11,0,12
88,907,3,1,1
88,899,2,7,2
88,901,5,14,3
88,911,4,8,4
88,909,5,15,5
88,914,5,4,6
88,895,1,16,7
88,913,3,10,8
88,905,1,0,9
88,917,4,11,10
88,920,2,17,11
88,889,1,5,12
88,916,4,3,13
88,915,2,12,14
88,918,4,18,15
88,893,3,13,16
88,912,3,6,17
88,902,1,2,18
88,903,5,19,19
88,908,2,9,20
89,926,8,7,1
89,919,7,10,2
89,924,6,11,3
89,921,7,12,4
89,922,9,13,5
89,925,6,14,6
89,927,7,17,7
89,928,9,16,8
89,910,8,0,9
89,930,9,18,10
89,929,9,9,11
89,887,6,2,12
89,906,7,3,13
89,896,6,6,14
89,923,8,4,15
89,900,8,8,16
89,891,10,15,17
89,904,10,5,18
89,897,10,1,19
89,932,10,19,20
90,933,0,1,1
90,934,18,7,2
90,931,15,6,3
90,935,19,8,4
90,936,12,4,5
90,883,17,2,6
90,938,14,10,7
90,882,11,0,8
90,890,13,5,9
90,881,16,3,10
90,898,15,11,11
90,937,11,9,12
91,915,2,12,1
91,905,1,0,2
91,907,3,1,3
91,909,5,15,4
91,911,4,8,5
91,901,5,14,6
91,918,4,18,7
91,912,3,6,8
91,899,2,7,9
91,913,3,10,10
91,917,4,11,11
91,908,2,9,12
91,895,1,16,13
91,914,5,4,14
91,920,2,17,15
91,889,1,5,16
91,903,5,19,17
91,902,1,2,18
91,916,4,3,19
91,893,3,13,20
92,924,6,11,1
92,922,9,13,2
92,925,6,14,3
92,926,8,7,4
92,919,7,10,5
92,921,7,12,6
92,910,8,0,7
92,923,8,4,8
92,927,7,17,9
92,929,9,9,10
92,930,9,18,11
92,897,10,1,12
92,887,6,2,13
92,932,10,19,14
92,928,9,16,15
92,891,10,15,16
92,906,7,3,17
92,900,8,8,18
92,896,6,6,19
92,904,10,5,20
93,931,15,6,1
93,938,14,10,2
93,935,19,8,3
93,933,0,1,4
93,937,11,9,5
93,934,18,7,6
93,883,17,2,7
93,882,11,0,8
93,936,12,4,9
93,898,15,11,10
93,890,13,5,11
93,881,16,3,12
94,917,4,11,1
94,901,5,14,2
94,918,4,18,3
94,908,2,9,4
94,899,2,7,5
94,907,3,1,6
94,913,3,10,7
94,914,5,4,8
94,911,4,8,9
94,909,5,15,10
94,912,3,6,11
94,905,1,0,12
94,902,1,2,13
94,895,1,16,14
94,915,2,12,15
94,920,2,17,16
94,903,5,19,17
94,889,1,5,18
94,916,4,3,19
94,893,3,13,20
95,925,6,14,1
95,919,7,10,2
95,922,9,13,3
95,921,7,12,4
95,926,8,7,5
95,924,6,11,6
95,929,9,9,7
95,910,8,0,8
95,927,7,17,9
95,923,8,4,10
95,897,10,1,11
95,906,7,3,12
95,900,8,8,13
95,891,10,15,14
95,887,6,2,15
95,928,9,16,16
95,904,10,5,17
95,932,10,19,18
95,896,6,6,19
95,930,9,18,20
96,931,15,6,1
96,933,0,1,2
96,934,18,7,3
96,883,17,2,4
96,935,19,8,5
96,881,16,3,6
96,882,11,0,7
96,936,12,4,8
96,890,13,5,9
96,898,15,11,10
96,937,11,9,11
96,938,14,10,12
97,917,4,11,1
97,905,1,0,2
97,909,5,15,3
97,907,3,1,4
97,901,5,14,5
97,913,3,10,6
97,908,2,9,7
97,920,2,17,8
97,899,2,7,9
97,895,1,16,10
97,916,4,3,11
97,911,4,8,12
97,889,1,5,13
97,914,5,4,14
97,915,2,12,15
97,918,4,18,16
97,902,1,2,17
97,912,3,6,18
97,903,5,19,19
97,893,3,13,20
98,919,7,10,1
98,921,7,12,2
98,924,6,11,3
98,926,8,7,4
98,923,8,4,5
98,927,7,17,6
98,930,9,18,7
98,922,9,13,8
98,910,8,0,9
98,925,6,14,10
98,904,10,5,11
98,896,6,6,12
98,928,9,16,13
98,887,6,2,14
98,897,10,1,15
98,900,8,8,16
98,891,10,15,17
98,932,10,19,18
98,906,7,3,19
98,929,9,9,20
99,931,15,6,1
99,934,18,7,2
99,936,12,4,3
99,937,11,9,4
99,933,0,1,5
99,935,19,8,6
99,938,14,10,7
99,898,15,11,8
99,882,11,0,9
99,890,13,5,10
99,883,17,2,11
99,881,16,3,12
100,905,1,0,1
100,909,5,15,2
100,899,2,7,3
100,901,5,14,4
100,916,4,3,5
100,907,3,1,6
100,920,2,17,7
100,889,1,5,8
100,908,2,9,9
100,918,4,18,10
100,913,3,10,11
100,914,5,4,12
100,915,2,12,13
100,911,4,8,14
100,912,3,6,15
100,895,1,16,16
100,917,4,11,17
100,903,5,19,18
100,902,1,2,19
100,893,3,13,20
101,924,6,11,1
101,923,8,4,2
101,922,9,13,3
101,926,8,7,4
101,921,7,12,5
101,919,7,10,6
101,930,9,18,7
101,910,8,0,8
101,928,9,16,9
101,896,6,6,10
101,925,6,14,11
101,929,9,9,12
101,904,10,5,13
101,891,10,15,14
101,900,8,8,15
101,932,10,19,16
101,887,6,2,17
101,927,7,17,18
101,897,10,1,19
101,906,7,3,20
102,933,0,1,1
102,931,15,6,2
102,936,12,4,3
102,937,11,9,4
102,883,17,2,5
102,934,18,7,6
102,938,14,10,7
102,898,15,11,8
102,935,19,8,9
102,882,11,0,10
102,890,13,5,11
102,881,16,3,12
103,913,3,7,1
103,911,1,16,2
103,907,3,15,3
103,905,1,0,4
103,909,5,11,5
103,908,2,6,6
103,901,5,10,7
103,922,4,18,8
103,917,4,8,9
103,915,2,9,10
103,899,2,5,11
103,914,3,17,12
103,920,2,12,13
103,923,5,19,14
103,918,4,13,15
103,889,1,3,16
103,902,1,1,17
103,912,3,4,18
103,916,4,2,19
103,903,5,14,20
104,924,6,5,1
104,910,8,0,2
104,895,8,10,3
104,919,7,4,4
104,927,7,9,5
104,931,10,14,6
104,926,10,11,7
104,930,9,13,8
104,906,9,18,9
104,925,6,7,10
104,897,8,17,11
104,887,6,1,12
104,929,9,3,13
104,893,8,12,14
104,928,9,8,15
104,921,7,6,16
104,932,6,15,17
104,936,10,19,18
104,904,10,2,19
104,934,7,16,20
105,937,11,2,1
105,900,11,9,2
105,935,12,5,3
105,933,0,0,4
105,938,14,3,5
105,890,13,1,6
105,939,18,7,7
105,896,16,6,8
105,881,14,11,9
105,891,12,10,10
105,882,15,12,11
105,898,15,4,12
105,940,19,8,13
106,907,3,15,1
106,908,2,6,2
106,899,2,5,3
106,905,1,0,4
106,909,5,11,5
106,917,4,8,6
106,915,2,9,7
106,911,1,16,8
106,918,4,13,9
106,913,3,7,10
106,901,5,10,11
106,922,4,18,12
106,923,5,19,13
106,903,5,14,14
106,914,3,17,15
106,916,4,2,16
106,889,1,3,17
106,912,3,4,18
106,920,2,12,19
106,902,1,1,20
107,895,8,10,1
107,921,7,6,2
107,925,6,7,3
107,928,9,8,4
107,924,6,5,5
107,919,7,4,6
107,927,7,9,7
107,926,10,11,8
107,930,9,13,9
107,931,10,14,10
107,934,7,16,11
107,929,9,3,12
107,897,8,17,13
107,904,10,2,14
107,906,9,18,15
107,910,8,0,16
107,893,8,12,17
107,932,6,15,18
107,887,6,1,19
107,936,10,19,20
108,939,18,7,1
108,900,11,9,2
108,935,12,5,3
108,898,15,4,4
108,891,12,10,5
108,896,16,6,6
108,933,0,0,7
108,940,19,8,8
108,890,13,1,9
108,937,11,2,10
108,881,14,11,11
108,882,15,12,12
108,938,14,3,13
109,907,3,15,1
109,901,5,10,2
109,899,2,5,3
109,905,1,0,4
109,915,2,9,5
109,913,3,7,6
109,911,1,16,7
109,917,4,8,8
109,914,3,17,9
109,909,5,11,10
109,916,4,2,11
109,922,4,18,12
109,918,4,13,13
109,903,5,14,14
109,923,5,19,15
109,908,2,6,16
109,920,2,12,17
109,889,1,3,18
109,902,1,1,19
109,912,3,4,20
110,924,6,5,1
110,929,9,3,2
110,919,7,4,3
110,926,10,11,4
110,928,9,8,5
110,893,8,12,6
110,932,6,15,7
110,895,8,10,8
110,927,7,9,9
110,921,7,6,10
110,904,10,2,11
110,930,9,13,12
110,906,9,18,13
110,931,10,14,14
110,936,10,19,15
110,934,7,16,16
110,887,6,1,17
110,910,8,0,18
110,897,8,17,19
110,925,6,7,20
111,933,0,0,1
111,937,11,2,2
111,896,16,6,3
111,938,14,3,4
111,939,18,7,5
111,891,12,10,6
111,890,13,1,7
111,881,14,11,8
111,935,12,5,9
111,940,19,8,10
111,882,15,12,11
111,898,15,4,12
111,900,11,9,13
112,907,3,15,1
112,905,1,0,2
112,911,1,16,3
112,909,5,11,4
112,901,5,10,5
112,908,2,6,6
112,913,3,7,7
112,899,2,5,8
112,914,3,17,9
112,915,2,9,10
112,920,2,12,11
112,912,3,4,12
112,902,1,1,13
112,916,4,2,14
112,923,5,19,15
112,918,4,13,16
112,922,4,18,17
112,917,4,8,18
112,889,1,3,19
112,903,5,14,20
113,921,7,6,1
113,925,6,7,2
113,895,8,10,3
113,910,8,0,4
113,919,7,4,5
113,924,6,5,6
113,928,9,8,7
113,887,6,1,8
113,893,8,12,9
113,927,7,9,10
113,926,10,11,11
113,930,9,13,12
113,934,7,16,13
113,932,6,15,14
113,929,9,3,15
113,931,10,14,16
113,897,8,17,17
113,904,10,2,18
113,906,9,18,19
113,936,10,19,20
114,933,0,0,1
114,937,11,2,2
114,935,12,5,3
114,939,18,7,4
114,891,12,10,5
114,940,19,8,6
114,938,14,3,7
114,896,16,6,8
114,881,14,11,9
114,898,15,4,10
114,890,13,1,11
114,882,15,12,12
114,900,11,9,13
115,907,3,15,1
115,901,5,10,2
115,913,3,7,3
115,917,4,8,4
115,909,5,11,5
115,911,1,16,6
115,899,2,5,7
115,915,2,9,8
115,889,1,3,9
115,905,1,0,10
115,920,2,12,11
115,922,4,18,12
115,903,5,14,13
115,923,5,19,14
115,918,4,13,15
115,914,3,17,16
115,916,4,2,17
115,902,1,1,18
115,908,2,6,19
115,912,3,4,20
116,927,7,9,1
116,919,7,4,2
116,925,6,7,3
116,921,7,6,4
116,895,8,10,5
116,930,9,13,6
116,924,6,5,7
116,928,9,8,8
116,926,10,11,9
116,910,8,0,10
116,931,10,14,11
116,934,7,16,12
116,929,9,3,13
116,932,6,15,14
116,904,10,2,15
116,897,8,17,16
116,893,8,12,17
116,936,10,19,18
116,887,6,1,19
116,906,9,18,20
117,939,18,7,1
117,933,0,0,2
117,935,12,5,3
117,938,14,3,4
117,898,15,4,5
117,940,19,8,6
117,896,16,6,7
117,891,12,10,8
117,882,15,12,9
117,890,13,1,10
117,881,14,11,11
117,900,11,9,12
117,937,11,2,13
118,905,1,0,1
118,923,5,19,2
118,907,3,15,3
118,909,5,11,4
118,911,1,16,5
118,908,2,6,6
118,917,4,8,7
118,922,4,18,8
118,916,4,2,9
118,913,3,7,10
118,899,2,5,11
118,901,5,10,12
118,903,5,14,13
118,915,2,9,14
118,918,4,13,15
118,902,1,1,16
118,889,1,3,17
118,914,3,17,18
118,912,3,4,19
118,920,2,12,20
119,919,7,4,1
119,921,7,6,2
119,925,6,7,3
119,895,8,10,4
119,924,6,5,5
119,928,9,8,6
119,927,7,9,7
119,926,10,11,8
119,893,8,12,9
119,929,9,3,10
119,932,6,15,11
119,910,8,0,12
119,887,6,1,13
119,931,10,14,14
119,934,7,16,15
119,930,9,13,16
119,897,8,17,17
119,904,10,2,18
119,936,10,19,19
119,906,9,18,20
120,933,0,0,1
120,935,12,5,2
120,891,12,10,3
120,898,15,4,4
120,896,16,6,5
120,882,15,12,6
120,890,13,1,7
120,938,14,3,8
120,881,14,11,9
120,900,11,9,10
120,940,19,8,11
120,939,18,7,12
120,937,11,2,13
121,915,2,9,1
121,913,3,7,2
121,909,5,11,3
121,907,3,15,4
121,911,1,16,5
121,901,5,10,6
121,908,2,6,7
121,914,3,17,8
121,922,4,18,9
121,889,1,3,10
121,899,2,5,11
121,923,5,19,12
121,903,5,14,13
121,916,4,2,14
121,912,3,4,15
121,917,4,8,16
121,905,1,0,17
121,918,4,13,18
121,902,1,1,19
121,920,2,12,20
122,919,7,4,1
122,925,6,7,2
122,924,6,5,3
122,895,8,10,4
122,930,9,13,5
122,921,7,6,6
122,928,9,8,7
122,910,8,0,8
122,932,6,15,9
122,929,9,3,10
122,893,8,12,11
122,926,10,11,12
122,934,7,16,13
122,904,10,2,14
122,927,7,9,15
122,931,10,14,16
122,906,9,18,17
122,936,10,19,18
122,897,8,17,19
122,887,6,1,20
123,938,14,3,1
123,933,0,0,2
123,935,12,5,3
123,940,19,8,4
123,896,16,6,5
123,891,12,10,6
123,937,11,2,7
123,900,11,9,8
123,939,18,7,9
123,881,14,11,10
123,898,15,4,11
123,882,15,12,12
123,890,13,1,13
124,913,3,7,1
124,899,2,5,2
124,907,3,15,3
124,905,1,0,4
124,917,4,8,5
124,911,1,16,6
124,901,5,10,7
124,914,3,17,8
124,915,2,9,9
124,909,5,11,10
124,922,4,18,11
124,920,2,12,12
124,923,5,19,13
124,903,5,14,14
124,889,1,3,15
124,918,4,13,16
124,916,4,2,17
124,902,1,1,18
124,912,3,4,19
124,908,2,6,20
125,919,7,4,1
125,921,7,6,2
125,895,8,10,3
125,927,7,9,4
125,924,6,5,5
125,926,10,11,6
125,930,9,13,7
125,928,9,8,8
125,929,9,3,9
125,904,10,2,10
125,925,6,7,11
125,910,8,0,12
125,936,10,19,13
125,893,8,12,14
125,887,6,1,15
125,931,10,14,16
125,906,9,18,17
125,934,7,16,18
125,897,8,17,19
125,932,6,15,20
126,935,12,5,1
126,896,16,6,2
126,938,14,3,3
126,933,0,0,4
126,891,12,10,5
126,881,14,11,6
126,937,11,2,7
126,900,11,9,8
126,940,19,8,9
126,882,15,12,10
126,939,18,7,11
126,890,13,1,12
126,898,15,4,13
127,911,1,16,1
127,899,2,5,2
127,907,3,15,3
127,913,3,7,4
127,905,1,0,5
127,915,2,9,6
127,909,5,11,7
127,917,4,8,8
127,923,5,19,9
127,908,2,6,10
127,901,5,10,11
127,918,4,13,12
127,920,2,12,13
127,914,3,17,14
127,889,1,3,15
127,922,4,18,16
127,903,5,14,17
127,916,4,2,18
127,912,3,4,19
127,902,1,1,20
128,919,7,4,1
128,921,7,6,2
128,924,6,5,3
128,925,6,7,4
128,895,8,10,5
128,936,10,19,6
128,926,10,11,7
128,931,10,14,8
128,906,9,18,9
128,893,8,12,10
128,904,10,2,11
128,928,9,8,12
128,930,9,13,13
128,927,7,9,14
128,934,7,16,15
128,887,6,1,16
128,932,6,15,17
128,929,9,3,18
128,897,8,17,19
128,910,8,0,20
129,935,12,5,1
129,937,11,2,2
129,933,0,0,3
129,882,15,12,4
129,938,14,3,5
129,896,16,6,6
129,881,14,11,7
129,940,19,8,8
129,900,11,9,9
129,939,18,7,10
129,898,15,4,11
129,890,13,1,12
129,891,12,10,13
130,907,3,15,1
130,913,3,7,2
130,909,5,11,3
130,905,1,0,4
130,915,2,9,5
130,899,2,5,6
130,920,2,12,7
130,922,4,18,8
130,923,5,19,9
130,901,5,10,10
130,914,3,17,11
130,917,4,8,12
130,908,2,6,13
130,903,5,14,14
130,916,4,2,15
130,911,1,16,16
130,918,4,13,17
130,889,1,3,18
130,902,1,1,19
130,912,3,4,20
131,895,8,10,1
131,921,7,6,2
131,924,6,5,3
131,919,7,4,4
131,928,9,8,5
131,926,10,11,6
131,930,9,13,7
131,927,7,9,8
131,925,6,7,9
131,931,10,14,10
131,934,7,16,11
131,893,8,12,12
131,929,9,3,13
131,904,10,2,14
131,906,9,18,15
131,897,8,17,16
131,887,6,1,17
131,936,10,19,18
131,932,6,15,19
131,910,8,0,20
132,896,16,6,1
132,935,12,5,2
132,939,18,7,3
132,933,0,0,4
132,937,11,2,5
132,881,14,11,6
132,938,14,3,7
132,900,11,9,8
132,898,15,4,9
132,882,15,12,10
132,890,13,1,11
132,891,12,10,12
132,940,19,8,13
133,905,1,0,1
133,911,1,16,2
133,913,3,7,3
133,909,5,11,4
133,917,4,8,5
133,916,4,2,6
133,899,2,5,7
133,915,2,9,8
133,901,5,10,9
133,908,2,6,10
133,907,3,15,11
133,902,1,1,12
133,889,1,3,13
133,903,5,14,14
133,914,3,17,15
133,923,5,19,16
133,912,3,4,17
133,918,4,13,18
133,922,4,18,19
133,920,2,12,20
134,919,7,4,1
134,925,6,7,2
134,921,7,6,3
134,927,7,9,4
134,926,10,11,5
134,895,8,10,6
134,930,9,13,7
134,931,10,14,8
134,928,9,8,9
134,893,8,12,10
134,929,9,3,11
134,924,6,5,12
134,910,8,0,13
134,932,6,15,14
134,934,7,16,15
134,936,10,19,16
134,904,10,2,17
134,887,6,1,18
134,897,8,17,19
134,906,9,18,20
135,933,0,0,1
135,938,14,3,2
135,937,11,2,3
135,935,12,5,4
135,898,15,4,5
135,896,16,6,6
135,881,14,11,7
135,882,15,12,8
135,939,18,7,9
135,890,13,1,10
135,891,12,10,11
135,900,11,9,12
135,940,19,8,13
136,913,3,7,1
136,909,5,11,2
136,907,3,15,3
136,901,5,10,4
136,905,1,0,5
136,911,1,16,6
136,914,3,17,7
136,908,2,6,8
136,915,2,9,9
136,920,2,12,10
136,917,4,8,11
136,902,1,1,12
136,889,1,3,13
136,912,3,4,14
136,899,2,5,15
136,918,4,13,16
136,903,5,14,17
136,923,5,19,18
136,922,4,18,19
136,916,4,2,20
137,927,7,9,1
137,919,7,4,2
137,921,7,6,3
137,895,8,10,4
137,924,6,5,5
137,925,6,7,6
137,929,9,3,7
137,931,10,14,8
137,904,10,2,9
137,930,9,13,10
137,932,6,15,11
137,926,10,11,12
137,934,7,16,13
137,897,8,17,14
137,893,8,12,15
137,910,8,0,16
137,936,10,19,17
137,906,9,18,18
137,887,6,1,19
137,928,9,8,20
138,938,14,3,1
138,933,0,0,2
138,881,14,11,3
138,935,12,5,4
138,896,16,6,5
138,937,11,2,6
138,939,18,7,7
138,898,15,4,8
138,882,15,12,9
138,940,19,8,10
138,890,13,1,11
138,891,12,10,12
138,900,11,9,13
139,905,1,0,1
139,907,3,15,2
139,911,1,16,3
139,913,3,7,4
139,901,5,10,5
139,917,4,8,6
139,899,2,5,7
139,908,2,6,8
139,922,4,18,9
139,909,5,11,10
139,914,3,17,11
139,923,5,19,12
139,918,4,13,13
139,920,2,12,14
139,912,3,4,15
139,915,2,9,16
139,916,4,2,17
139,903,5,14,18
139,889,1,3,19
139,902,1,1,20
140,895,8,10,1
140,921,7,6,2
140,927,7,9,3
140,932,6,15,4
140,887,6,1,5
140,893,8,12,6
140,929,9,3,7
140,926,10,11,8
140,919,7,4,9
140,924,6,5,10
140,930,9,13,11
140,904,10,2,12
140,910,8,0,13
140,931,10,14,14
140,928,9,8,15
140,936,10,19,16
140,925,6,7,17
140,906,9,18,18
140,897,8,17,19
140,934,7,16,20
141,935,12,5,1
141,896,16,6,2
141,900,11,9,3
141,933,0,0,4
141,939,18,7,5
141,881,14,11,6
141,891,12,10,7
141,940,19,8,8
141,938,14,3,9
141,898,15,4,10
141,882,15,12,11
141,890,13,1,12
141,937,11,2,13
142,905,1,0,1
142,907,3,15,2
142,908,2,6,3
142,909,5,11,4
142,922,4,18,5
142,911,1,16,6
142,901,5,10,7
142,917,4,8,8
142,920,2,12,9
142,899,2,5,10
142,913,3,7,11
142,918,4,13,12
142,914,3,17,13
142,923,5,19,14
142,915,2,9,15
142,889,1,3,16
142,912,3,4,17
142,902,1,1,18
142,903,5,14,19
142,916,4,2,20
143,919,7,4,1
143,924,6,5,2
143,930,9,13,3
143,926,10,11,4
143,893,8,12,5
143,895,8,10,6
143,927,7,9,7
143,929,9,3,8
143,925,6,7,9
143,921,7,6,10
143,931,10,14,11
143,904,10,2,12
143,936,10,19,13
143,887,6,1,14
143,928,9,8,15
143,897,8,17,16
143,910,8,0,17
143,906,9,18,18
143,934,7,16,19
143,932,6,15,20
144,935,12,5,1
144,933,0,0,2
144,938,14,3,3
144,939,18,7,4
144,937,11,2,5
144,940,19,8,6
144,890,13,1,7
144,896,16,6,8
144,881,14,11,9
144,900,11,9,10
144,891,12,10,11
144,898,15,4,12
144,882,15,12,13
145,908,2,6,1
145,901,5,10,2
145,909,5,11,3
145,907,3,15,4
145,905,1,0,5
145,913,3,7,6
145,899,2,5,7
145,911,1,16,8
145,914,3,17,9
145,912,3,4,10
145,923,5,19,11
145,922,4,18,12
145,917,4,8,13
145,918,4,13,14
145,920,2,12,15
145,902,1,1,16
145,916,4,2,17
145,903,5,14,18
145,889,1,3,19
145,915,2,9,20
146,921,7,6,1
146,924,6,5,2
146,893,8,12,3
146,919,7,4,4
146,925,6,7,5
146,926,10,11,6
146,931,10,14,7
146,927,7,9,8
146,895,8,10,9
146,910,8,0,10
146,930,9,13,11
146,928,9,8,12
146,887,6,1,13
146,906,9,18,14
146,929,9,3,15
146,932,6,15,16
146,904,10,2,17
146,934,7,16,18
146,936,10,19,19
146,897,8,17,20
147,933,0,0,1
147,939,18,7,2
147,896,16,6,3
147,938,14,3,4
147,940,19,8,5
147,935,12,5,6
147,900,11,9,7
147,882,15,12,8
147,891,12,10,9
147,898,15,4,10
147,937,11,2,11
147,890,13,1,12
147,881,14,11,13
148,905,1,0,1
148,901,5,10,2
148,907,3,15,3
148,915,2,9,4
148,909,5,11,5
148,908,2,6,6
148,911,1,16,7
148,899,2,5,8
148,912,3,4,9
148,913,3,7,10
148,917,4,8,11
148,914,3,17,12
148,920,2,12,13
148,923,5,19,14
148,922,4,18,15
148,902,1,1,16
148,889,1,3,17
148,916,4,2,18
148,903,5,14,19
148,918,4,13,20
149,919,7,4,1
149,895,8,10,2
149,924,6,5,3
149,931,10,14,4
149,925,6,7,5
149,926,10,11,6
149,921,7,6,7
149,927,7,9,8
149,928,9,8,9
149,910,8,0,10
149,893,8,12,11
149,932,6,15,12
149,906,9,18,13
149,930,9,13,14
149,929,9,3,15
149,904,10,2,16
149,936,10,19,17
149,897,8,17,18
149,887,6,1,19
149,934,7,16,20
150,938,14,3,1
150,896,16,6,2
150,935,12,5,3
150,940,19,8,4
150,933,0,0,5
150,898,15,4,6
150,900,11,9,7
150,939,18,7,8
150,882,15,12,9
150,937,11,2,10
150,890,13,1,11
150,881,14,11,12
150,891,12,10,13
151,907,3,15,1
151,911,1,16,2
151,905,1,0,3
151,913,3,7,4
151,901,5,10,5
151,899,2,5,6
151,909,5,11,7
151,914,3,17,8
151,889,1,3,9
151,922,4,18,10
151,912,3,4,11
151,908,2,6,12
151,923,5,19,13
151,903,5,14,14
151,918,4,13,15
151,917,4,8,16
151,920,2,12,17
151,902,1,1,18
151,916,4,2,19
151,915,2,9,20
152,919,7,4,1
152,932,6,15,2
152,895,8,10,3
152,928,9,8,4
152,930,9,13,5
152,921,7,6,6
152,927,7,9,7
152,929,9,3,8
152,910,8,0,9
152,924,6,5,10
152,926,10,11,11
152,893,8,12,12
152,925,6,7,13
152,934,7,16,14
152,936,10,19,15
152,897,8,17,16
152,904,10,2,17
152,931,10,14,18
152,906,9,18,19
152,887,6,1,20
153,935,12,5,1
153,937,11,2,2
153,881,14,11,3
153,896,16,6,4
153,933,0,0,5
153,939,18,7,6
153,891,12,10,7
153,882,15,12,8
153,900,11,9,9
153,940,19,8,10
153,890,13,1,11
153,898,15,4,12
153,938,14,3,13
154,913,3,2,1
154,907,3,9,2
154,905,1,13,3
154,917,4,3,4
154,901,5,5,5
154,903,5,8,6
154,915,2,4,7
154,911,1,10,8
154,921,1,15,9
154,914,3,11,10
154,920,2,16,11
154,922,4,12,12
154,899,2,0,13
154,926,3,17,14
154,909,5,6,15
154,923,1,14,16
154,929,5,19,17
154,908,2,1,18
154,927,4,18,19
154,918,4,7,20
155,924,6,1,1
155,928,9,3,2
155,919,7,0,3
155,930,9,5,4
155,925,6,2,5
155,932,6,7,6
155,916,8,10,7
155,893,10,11,8
155,931,10,6,9
155,895,8,4,10
155,889,8,17,11
155,902,8,13,12
155,912,7,12,13
155,936,7,16,14
155,933,10,14,15
155,939,10,19,16
155,934,7,8,17
155,906,9,9,18
155,897,9,18,19
155,910,6,15,20
156,938,14,1,1
156,937,11,0,2
156,941,17,9,3
156,940,19,4,4
156,900,11,5,5
156,935,12,2,6
156,942,18,10,7
156,904,13,11,8
156,881,14,7,9
156,891,12,6,10
156,896,16,3,11
156,887,0,8,12
